source_feature;target_feature;spearman_correlation;kruskal_p_value;auc_roc;auc_discriminative_strength
original_shape_Maximum2DDiameterSlice_TARD;Size_mm;0.9558943141116711;0.0005635867688451153;;
original_shape_SurfaceArea_TARD;Size_mm;0.9522286717430972;0.0005203577497278448;;
original_shape_Maximum2DDiameterSlice_PORT;Size_mm;0.9469164991795627;0.000614426692210229;;
original_shape_MinorAxisLength_TARD;Size_mm;0.9467880852574369;0.0006002621494765606;;
original_shape_SurfaceArea_PORT;Size_mm;0.9447434890491837;0.0005413711997196009;;
original_shape_VoxelVolume_TARD;Size_mm;0.9446384584220473;0.0006103779159329545;;
original_shape_MeshVolume_TARD;Size_mm;0.944281354289784;0.0006151490563268109;;
original_shape_Maximum2DDiameterColumn_PORT;Size_mm;0.943946528825286;0.0006157469141213588;;
original_shape_Maximum2DDiameterSlice_ART;Size_mm;0.943369491177193;0.000572075809913232;;
original_shape_SurfaceArea_ART;Size_mm;0.9425588520047488;0.000551324629140175;;
original_shape_MinorAxisLength_ART;Size_mm;0.9424328152521851;0.0005928274534297168;;
original_gldm_DependenceNonUniformity_TARD;Size_mm;0.9420827131617308;0.0006811477243321517;;
original_shape_MinorAxisLength_PORT;Size_mm;0.9413474987717768;0.0006191875366397188;;
original_shape_MeshVolume_PORT;Size_mm;0.9406612986744862;0.0006087686021020528;;
original_shape_VoxelVolume_PORT;Size_mm;0.9406612986744862;0.0006087686021020528;;
original_gldm_DependenceNonUniformity_PORT;Size_mm;0.9402621822913683;0.0006842743865684043;;
original_gldm_DependenceNonUniformity_ART;Size_mm;0.9398140516155867;0.000677290555722478;;
original_shape_MeshVolume_ART;Size_mm;0.9397650373229233;0.000599181515629511;;
original_shape_VoxelVolume_ART;Size_mm;0.9396179944449324;0.0005976161538831643;;
original_ngtdm_Coarseness_ART;Size_mm;-0.9389107882222146;0.0006497375043906035;;
original_ngtdm_Coarseness_TARD;Size_mm;-0.938294608543015;0.0007088993765336032;;
original_ngtdm_Coarseness_PORT;Size_mm;-0.9347725815130444;0.000777502877527329;;
original_shape_Maximum3DDiameter_PORT;Size_mm;0.934729419448771;0.000701166128405743;;
original_shape_MajorAxisLength_TARD;Size_mm;0.9345835263841992;0.0005886510329759127;;
original_shape_Maximum2DDiameterColumn_ART;Size_mm;0.9328815131114242;0.0008153699408528178;;
original_shape_Maximum3DDiameter_ART;Size_mm;0.9314458872595826;0.0007601765433836446;;
original_shape_MajorAxisLength_PORT;Size_mm;0.9296470869087932;0.0009249371194897742;;
original_shape_LeastAxisLength_PORT;Size_mm;0.9247316535588146;0.0007342014270080349;;
original_shape_LeastAxisLength_ART;Size_mm;0.9246126188480601;0.0006708963799282598;;
original_shape_Maximum2DDiameterRow_TARD;Size_mm;0.9222390897346711;0.0008716051818117423;;
original_shape_LeastAxisLength_TARD;Size_mm;0.9217417817063346;0.0007633946419790362;;
original_shape_MajorAxisLength_ART;Size_mm;0.9190810058188816;0.0012300711361358152;;
original_shape_Maximum2DDiameterColumn_TARD;Size_mm;0.918627722877622;0.0013375553416115373;;
original_shape_Maximum2DDiameterRow_ART;Size_mm;0.9175869615459021;0.0010781081804938607;;
original_shape_Maximum3DDiameter_TARD;Size_mm;0.9166323257419406;0.0011698282799624887;;
original_glszm_ZoneEntropy_PORT;Size_mm;0.9141095561344303;0.0012918850814747477;;
original_shape_Maximum2DDiameterRow_PORT;Size_mm;0.9111805823040824;0.0010688508506864613;;
original_glszm_GrayLevelNonUniformity_ART;Size_mm;0.9109376311949142;0.0010191403906627341;;
original_glrlm_GrayLevelNonUniformity_TARD;Size_mm;0.9109096230276779;0.0011939590576867053;;
original_shape_SurfaceVolumeRatio_TARD;Size_mm;-0.9105385148117963;0.0012550204483633299;;
original_shape_SurfaceVolumeRatio_ART;Size_mm;-0.9082838573492704;0.0011438770112991567;;
original_glrlm_GrayLevelNonUniformity_PORT;Size_mm;0.9077517021717799;0.0013502389267362651;;
original_shape_SurfaceVolumeRatio_PORT;Size_mm;-0.9074856245830345;0.0011837503268001858;;
original_glszm_ZoneEntropy_TARD;Size_mm;0.906946467363735;0.0012146706303214213;;
original_glszm_GrayLevelNonUniformity_TARD;Size_mm;0.9060502060121718;0.0014250660495331358;;
original_glszm_GrayLevelNonUniformity_PORT;Size_mm;0.9050069017826179;0.0011022788404048036;;
original_glrlm_GrayLevelNonUniformity_ART;Size_mm;0.9025141748985832;0.0011799758273189549;;
original_glszm_ZoneEntropy_ART;Size_mm;0.9016389196724471;0.0010453585821276613;;
original_glrlm_RunLengthNonUniformity_PORT;Size_mm;0.8914719549656538;0.0019851824840517182;;
original_glrlm_RunLengthNonUniformity_ART;Size_mm;0.8896444220534822;0.00212862210886937;;
original_glrlm_RunLengthNonUniformity_TARD;Size_mm;0.8895744016353913;0.0022898310149673117;;
original_gldm_GrayLevelNonUniformity_TARD;Size_mm;0.8891822872940824;0.001878282928186412;;
original_gldm_GrayLevelNonUniformity_PORT;Size_mm;0.876907708002754;0.0027688592751569786;;
original_glcm_Idmn_ART;Size_mm;0.8767886732919995;0.0011368305359456556;;
original_gldm_GrayLevelNonUniformity_ART;Size_mm;0.8740928871955012;0.002276406812009628;;
original_glcm_Idmn_PORT;Size_mm;0.8703257887022127;0.0017986329216712117;;
original_glszm_LargeAreaHighGrayLevelEmphasis_TARD;Size_mm;0.8411202723165129;0.007520883890849937;;
original_glcm_Idmn_TARD;Size_mm;0.8301690789271017;0.004923361255649441;;
original_glcm_Idn_PORT;Size_mm;0.8252746517025501;0.011379000190701713;;
original_glcm_Idn_ART;Size_mm;0.8248265210267686;0.0058304879942960575;;
original_gldm_SmallDependenceLowGrayLevelEmphasis_TARD;Size_mm;-0.8107454149486959;0.006333399154044237;;
original_glcm_Correlation_PORT;Size_mm;0.8099751903496962;0.006677810981485943;;
original_firstorder_Energy_PORT;Size_mm;0.808581784029688;0.006642397316604874;;
original_firstorder_TotalEnergy_PORT;Size_mm;0.808581784029688;0.006642397316604874;;
original_firstorder_Energy_TARD;Size_mm;0.8082666921482791;0.006065791916904963;;
original_firstorder_TotalEnergy_TARD;Size_mm;0.8082666921482791;0.006065791916904963;;
original_glszm_LargeAreaHighGrayLevelEmphasis_PORT;Size_mm;0.7994371174270212;0.023373876573814876;;
original_glcm_MCC_TARD;Size_mm;0.794164579944779;0.00419239511073711;;
original_glrlm_RunEntropy_TARD;Size_mm;0.7870575075085562;0.008065753133293722;;
original_firstorder_Energy_ART;Size_mm;0.7863292951604112;0.009857236278749137;;
original_firstorder_TotalEnergy_ART;Size_mm;0.7863292951604112;0.009857236278749137;;
original_gldm_SmallDependenceLowGrayLevelEmphasis_PORT;Size_mm;-0.7814488720194779;0.0114659203983624;;
original_gldm_SmallDependenceLowGrayLevelEmphasis_ART;Size_mm;-0.781294827099678;0.011157682507308286;;
original_glcm_Idn_TARD;Size_mm;0.7785080144596617;0.02822039454223051;;
original_glrlm_RunEntropy_PORT;Size_mm;0.776666477463872;0.010383464703794542;;
original_glcm_Correlation_TARD;Size_mm;0.7741107322035554;0.011066671559486948;;
original_glszm_LargeAreaHighGrayLevelEmphasis_ART;Size_mm;0.7656802738654152;0.02525170989353362;;
original_glcm_MCC_PORT;Size_mm;0.7646509737194794;0.008549270978023236;;
original_glszm_SizeZoneNonUniformity_PORT;Size_mm;0.7637477103261073;0.016571762989948582;;
original_glszm_SizeZoneNonUniformity_TARD;Size_mm;0.7623192937970537;0.019552681009348583;;
original_glrlm_RunEntropy_ART;Size_mm;0.7534056945740867;0.008286598659191846;;
original_glcm_Correlation_ART;Size_mm;0.7400387967605404;0.007158596428183587;;
original_glszm_SizeZoneNonUniformity_ART;Size_mm;0.7375880821273603;0.03862388237334117;;
original_glcm_MCC_ART;Size_mm;0.7277362093019756;0.00588618834447188;;
original_glcm_Imc2_TARD;Size_mm;0.7268539520340308;0.017383870025125765;;
original_glrlm_LongRunHighGrayLevelEmphasis_TARD;Size_mm;0.7058058143559168;0.026117440371232432;;
original_glcm_Imc1_TARD;Size_mm;-0.7009113871313652;0.0351239576172241;;
original_gldm_LargeDependenceHighGrayLevelEmphasis_TARD;Size_mm;0.6919277674903074;0.033327516926797966;;
original_glcm_Imc2_PORT;Size_mm;0.6914726347727167;0.0343615446866463;;
original_ngtdm_Busyness_ART;Size_mm;0.6809975802263233;0.031043866955431963;;
original_glcm_Imc1_PORT;Size_mm;-0.6704314991364119;0.037037988823934026;;
original_glrlm_LongRunHighGrayLevelEmphasis_PORT;Size_mm;0.6643537268461248;0.04178302946400115;;
original_glcm_Imc1_ART;Size_mm;-0.6574287074969384;0.03775889581547888;;
original_gldm_LargeDependenceHighGrayLevelEmphasis_PORT;Size_mm;0.6553070888287851;0.04337567497100012;;
original_glrlm_LongRunHighGrayLevelEmphasis_ART;Size_mm;0.6496984533397068;0.060680452297893483;;
original_glszm_SmallAreaLowGrayLevelEmphasis_PORT;Size_mm;-0.6466805733199906;0.04720401867891099;;
original_glszm_SmallAreaLowGrayLevelEmphasis_TARD;Size_mm;-0.644860042449628;0.0556023779222766;;
original_firstorder_Minimum_ART;Size_mm;-0.6417029070551095;0.03361873094632531;;
original_shape_Sphericity_ART;Shape;-0.636191118622028;2.058897775235471e-09;;
original_glrlm_ShortRunLowGrayLevelEmphasis_TARD;Size_mm;-0.6350501818750979;0.04280585105684555;;
original_gldm_DependenceEntropy_PORT;Size_mm;0.6319902896045271;0.0928612331017735;;
original_gldm_DependenceEntropy_TARD;Size_mm;0.6243440599490047;0.06349049299394967;;
original_gldm_LargeDependenceHighGrayLevelEmphasis_ART;Size_mm;0.6240079619421685;0.09637942715547898;;
original_shape_Sphericity_ART;Size_mm;-0.6211791370512976;0.07544625209322497;;
original_firstorder_Minimum_PORT;Size_mm;-0.6174902676834808;0.08368164080559348;;
original_ngtdm_Busyness_PORT;Size_mm;0.6160466404052373;0.05251208919718813;;
original_shape_Sphericity_PORT;Shape;-0.6140879188004024;7.4280495509379795e-09;;
original_firstorder_Minimum_TARD;Size_mm;-0.6131115399812185;0.14886522590721216;;
original_glcm_Imc2_ART;Size_mm;0.6116773663163673;0.023805811492169832;;
original_glszm_SmallAreaLowGrayLevelEmphasis_ART;Size_mm;-0.6110261764281222;0.08941365470880701;;
original_glrlm_ShortRunLowGrayLevelEmphasis_PORT;Size_mm;-0.6038140733647631;0.07789312877386996;;
original_firstorder_Range_TARD;Size_mm;0.5936132894661087;0.07227788018513166;;
original_glrlm_ShortRunLowGrayLevelEmphasis_ART;Size_mm;-0.5934090392364606;0.14137967623039316;;
original_shape_Sphericity_TARD;Shape;-0.5907455767322944;5.6826742656921366e-08;;
original_glszm_LowGrayLevelZoneEmphasis_TARD;Size_mm;-0.5884025793429638;0.0936118176816663;;
original_ngtdm_Busyness_TARD;Size_mm;0.5851956441944022;0.0783391100224671;;
original_shape_Sphericity_PORT;Size_mm;-0.5806933313111595;0.059343778125650073;;
original_firstorder_Range_PORT;Size_mm;0.5797572844593901;0.11304512533540396;;
original_glszm_HighGrayLevelZoneEmphasis_TARD;Size_mm;0.5712195687434656;0.09826625732991622;;
original_glrlm_LowGrayLevelRunEmphasis_TARD;Size_mm;-0.5648687168226242;0.10660681544757844;;
original_ngtdm_Strength_ART;Size_mm;-0.5640214697637247;0.15751309588564627;;
original_ngtdm_Contrast_ART;Size_mm;-0.5622009388933623;0.08191823490830107;;
original_glszm_GrayLevelVariance_TARD;Size_mm;0.5621939368515532;0.09152395560364039;;
original_glszm_GrayLevelNonUniformityNormalized_TARD;Size_mm;-0.5581747648531374;0.10156062845700442;;
original_glszm_ZoneVariance_TARD;Size_mm;0.5560601482267934;0.19260380311027608;;
original_shape_Sphericity_TARD;Size_mm;-0.5530702763743135;0.11853555477641156;;
original_gldm_LowGrayLevelEmphasis_TARD;Size_mm;-0.546075236607036;0.12591595229482408;;
original_glszm_ZoneVariance_ART;Size_mm;0.542910313709329;0.1621803307206513;;
original_glrlm_HighGrayLevelRunEmphasis_TARD;Size_mm;0.5419510339814841;0.15289541206895946;;
original_glszm_LowGrayLevelZoneEmphasis_PORT;Size_mm;-0.5417269686435934;0.15741584542466536;;
original_shape_Maximum2DDiameterRow_ART;APHE_heterogeneous;0.5380571641201046;1.8218042388509488e-07;0.8184995340167753;0.8184995340167753
original_shape_SurfaceVolumeRatio_TARD;APHE_heterogeneous;-0.5337107061359957;2.2850096381140395e-07;0.1840633737185461;0.8159366262814539
original_ngtdm_Strength_PORT;Size_mm;-0.5323792428284629;0.137156982840727;;
original_glrlm_GrayLevelNonUniformity_PORT;APHE_heterogeneous;0.5297747864742258;2.801151300848137e-07;0.8136067101584342;0.8136067101584342
original_glcm_Idmn_PORT;APHE_heterogeneous;0.5289876025418718;2.917109612428364e-07;0.8131407269338304;0.8131407269338304
original_gldm_DependenceEntropy_ART;Size_mm;0.5261124154093305;0.12461845546152253;;
original_glszm_HighGrayLevelZoneEmphasis_PORT;Size_mm;0.5258883500714399;0.19626896258848042;;
original_glszm_ZoneVariance_PORT;Size_mm;0.5250621091379676;0.34349391054988987;;
original_glrlm_GrayLevelNonUniformity_TARD;APHE_heterogeneous;0.524264498947748;3.7165101470484073e-07;0.8103448275862069;0.8103448275862069
original_gldm_HighGrayLevelEmphasis_TARD;Size_mm;0.5222402862889057;0.18552513698880718;;
original_firstorder_Range_ART;Size_mm;0.521854559522656;0.21915382831302027;;
original_shape_SurfaceVolumeRatio_PORT;APHE_heterogeneous;-0.5211157632183321;4.362818787312116e-07;0.19151910531220875;0.8084808946877913
original_glszm_GrayLevelNonUniformityNormalized_PORT;Size_mm;-0.5208188718016612;0.21378478938907283;;
original_shape_Maximum2DDiameterColumn_ART;APHE_heterogeneous;0.5187850751132708;4.909714409393228e-07;0.8070829450139796;0.8070829450139796
original_glrlm_LowGrayLevelRunEmphasis_PORT;Size_mm;-0.5181020795797356;0.16164773822334394;;
original_shape_MajorAxisLength_PORT;APHE_heterogeneous;0.5179670274889161;5.116904195117558e-07;0.8066169617893756;0.8066169617893756
original_glszm_GrayLevelVariance_PORT;Size_mm;0.5175979325694814;0.21614216164969607;;
original_glcm_Autocorrelation_TARD;Size_mm;0.5171147916846545;0.19702732230749315;;
original_shape_Maximum3DDiameter_ART;APHE_heterogeneous;0.516398080965106;5.538114605948333e-07;0.8056849953401678;0.8056849953401678
original_glcm_ClusterProminence_TARD;Size_mm;0.5157353894482644;0.17455799591101695;;
original_shape_Maximum2DDiameterColumn_PORT;APHE_heterogeneous;0.5156578092421867;5.748276427750445e-07;0.8052190121155638;0.8052190121155638
original_shape_MinorAxisLength_ART;APHE_heterogeneous;0.5132439238947922;6.488334424708518e-07;0.8038210624417521;0.8038210624417521
original_glcm_SumAverage_TARD;Size_mm;0.512619480843221;0.20004501123383917;;
original_gldm_GrayLevelNonUniformity_PORT;APHE_heterogeneous;0.5124567399624382;6.748935075420887e-07;0.8033550792171482;0.8033550792171482
original_shape_Maximum2DDiameterRow_PORT;APHE_heterogeneous;0.51170178910088;7.008321445480657e-07;0.8028890959925443;0.8028890959925443
original_shape_MajorAxisLength_ART;APHE_heterogeneous;0.5108823720977304;7.300723779458649e-07;0.8024231127679403;0.8024231127679403
original_shape_Maximum3DDiameter_PORT;APHE_heterogeneous;0.5104977124905034;7.442006901849289e-07;0.8021901211556385;0.8021901211556385
original_shape_MeshVolume_TARD;APHE_heterogeneous;0.5100951881653764;7.592670704252562e-07;0.8019571295433363;0.8019571295433363
original_shape_VoxelVolume_TARD;APHE_heterogeneous;0.5100951881653764;7.592670704252562e-07;0.8019571295433363;0.8019571295433363
original_glszm_LargeAreaEmphasis_TARD;Size_mm;0.5079981332492238;0.2619763605416969;;
original_shape_SurfaceArea_PORT;APHE_heterogeneous;0.5077336363683145;8.537560391434728e-07;0.8005591798695247;0.8005591798695247
original_glszm_GrayLevelNonUniformity_ART;APHE_heterogeneous;0.5069464524359605;8.876967523920429e-07;0.8000931966449208;0.8000931966449208
original_shape_SurfaceArea_TARD;APHE_heterogeneous;0.5069464524359605;8.876967523920429e-07;0.8000931966449207;0.8000931966449207
original_glszm_LargeAreaEmphasis_ART;Size_mm;0.5063386493404703;0.22973419026546313;;
original_glszm_ZoneEntropy_TARD;APHE_heterogeneous;0.5061592685036065;9.229348121664733e-07;0.799627213420317;0.799627213420317
original_shape_SurfaceArea_ART;APHE_heterogeneous;0.5045849006388986;9.974944577151545e-07;0.798695246971109;0.798695246971109
original_shape_Maximum2DDiameterSlice_PORT;APHE_heterogeneous;0.503808295099273;1.036376407040955e-06;0.7982292637465052;0.7982292637465052
original_glszm_GrayLevelNonUniformity_PORT;APHE_heterogeneous;0.5037977167065446;1.0369159697825608e-06;0.7982292637465052;0.7982292637465052
original_gldm_GrayLevelNonUniformity_TARD;APHE_heterogeneous;0.5037977167065446;1.0369159697825608e-06;0.7982292637465052;0.7982292637465052
original_shape_Sphericity_ART;Satellite_nodule;-0.5031857728372451;1.0685932693020537e-06;0.10166666666666664;0.8983333333333334
original_ngtdm_Coarseness_PORT;APHE_heterogeneous;-0.5030105327741906;1.0778347910908587e-06;0.20223671947809876;0.7977632805219013
original_shape_MeshVolume_PORT;APHE_heterogeneous;0.5022233488418366;1.1203053186124407e-06;0.7972972972972973;0.7972972972972973
original_shape_VoxelVolume_PORT;APHE_heterogeneous;0.5022233488418366;1.1203053186124407e-06;0.7972972972972973;0.7972972972972973
original_glcm_Idn_PORT;APHE_heterogeneous;0.5022233488418366;1.1203053186124407e-06;0.7972972972972974;0.7972972972972974
original_glrlm_GrayLevelNonUniformity_ART;APHE_heterogeneous;0.5022233488418366;1.1203053186124407e-06;0.7972972972972973;0.7972972972972973
original_shape_MinorAxisLength_TARD;APHE_heterogeneous;0.5022233488418366;1.1203053186124407e-06;0.7972972972972973;0.7972972972972973
original_glszm_SmallAreaHighGrayLevelEmphasis_TARD;Size_mm;0.5015422507012461;0.18287081863962856;;
original_glszm_LowGrayLevelZoneEmphasis_ART;Size_mm;-0.5009470771474737;0.3182105644375413;;
original_glszm_LargeAreaHighGrayLevelEmphasis_PORT;APHE_heterogeneous;0.5006489809771286;1.2101285345014484e-06;0.7963653308480895;0.7963653308480895
original_shape_SurfaceVolumeRatio_ART;APHE_heterogeneous;-0.5006489809771286;1.2101285345014484e-06;0.20363466915191053;0.7963653308480895
original_shape_MeshVolume_ART;APHE_heterogeneous;0.4998617970447746;1.2575996564780898e-06;0.7958993476234855;0.7958993476234855
original_shape_VoxelVolume_ART;APHE_heterogeneous;0.4998617970447746;1.2575996564780898e-06;0.7958993476234855;0.7958993476234855
original_gldm_LowGrayLevelEmphasis_PORT;Size_mm;-0.4990145136081659;0.19139421631893902;;
original_ngtdm_Coarseness_TARD;APHE_heterogeneous;-0.4982874291800667;1.3579724251416294e-06;0.20503261882572224;0.7949673811742778
original_glrlm_GrayLevelVariance_TARD;Size_mm;0.4981742685910755;0.19183310605653883;;
original_shape_MinorAxisLength_PORT;APHE_heterogeneous;0.49750024524771275;1.4110051165102675e-06;0.7945013979496738;0.7945013979496738
original_shape_LeastAxisLength_PORT;APHE_heterogeneous;0.4959258773830048;1.5231076794009709e-06;0.7935694315004661;0.7935694315004661
original_shape_Maximum3DDiameter_ART;Satellite_nodule;0.494769447901969;1.6108550560559992e-06;0.8916666666666667;0.8916666666666667
original_shape_LeastAxisLength_TARD;APHE_heterogeneous;0.49435150951829687;1.64374698223977e-06;0.7926374650512582;0.7926374650512582
original_shape_Maximum2DDiameterSlice_ART;APHE_heterogeneous;0.4939717467419696;1.674193508633415e-06;0.7924044734389563;0.7924044734389563
original_glcm_ClusterTendency_TARD;Size_mm;0.4926356535200881;0.22042928192527378;;
original_glszm_ZoneEntropy_ART;APHE_heterogeneous;0.490415589856527;1.9868667188218695e-06;0.7903075489282386;0.7903075489282386
original_glszm_GrayLevelNonUniformity_TARD;APHE_heterogeneous;0.48884122199181906;2.142552323281925e-06;0.7893755824790307;0.7893755824790307
original_shape_Maximum3DDiameter_PORT;Satellite_nodule;0.48740395259651675;2.2948584879081393e-06;0.8858333333333333;0.8858333333333333
original_glcm_Correlation_ART;APHE_heterogeneous;0.487266854127111;2.309918001553506e-06;0.7884436160298229;0.7884436160298229
original_ngtdm_Contrast_TARD;Size_mm;-0.48685896902759174;0.6114728077117575;;
original_ngtdm_Coarseness_ART;APHE_heterogeneous;-0.4864796701947571;2.398239447410353e-06;0.21202236719478096;0.787977632805219
original_shape_Maximum2DDiameterRow_TARD;APHE_heterogeneous;0.4853413567287634;2.5317122369228866e-06;0.7872786579683131;0.7872786579683131
original_glszm_ZoneEntropy_PORT;APHE_heterogeneous;0.4833309344653412;2.785047559821651e-06;0.7861136999068034;0.7861136999068034
original_shape_Maximum2DDiameterColumn_ART;Satellite_nodule;0.4832134121656087;2.8005856875511705e-06;0.8825;0.8825
original_glcm_ClusterProminence_PORT;Size_mm;0.48274176844384886;0.28519982377290465;;
original_gldm_DependenceNonUniformity_ART;APHE_heterogeneous;0.48175656660063326;3.0002426589364585e-06;0.7851817334575955;0.7851817334575955
original_glrlm_HighGrayLevelRunEmphasis_PORT;Size_mm;0.4813483621238407;0.25947411848856616;;
original_glrlm_GrayLevelNonUniformityNormalized_TARD;Size_mm;-0.4810332702424318;0.23498072449421767;;
original_shape_Maximum2DDiameterSlice_TARD;APHE_heterogeneous;0.4810064156628313;3.1083050740779613e-06;0.7847157502329916;0.7847157502329916
original_shape_LeastAxisLength_ART;APHE_heterogeneous;0.48096938266827927;3.1137354089843074e-06;0.7847157502329916;0.7847157502329916
original_gldm_GrayLevelNonUniformity_ART;APHE_heterogeneous;0.4801821987359253;3.2313400212549574e-06;0.7842497670083877;0.7842497670083877
original_shape_Maximum2DDiameterColumn_PORT;Satellite_nodule;0.4790225205813063;3.4123861456092053e-06;0.8791666666666665;0.8791666666666665
original_shape_MajorAxisLength_ART;Satellite_nodule;0.47897390510658266;3.4201844542275207e-06;0.8791666666666667;0.8791666666666667
original_ngtdm_Complexity_TARD;Size_mm;0.4789396597415149;0.20391366713394027;;
original_shape_MajorAxisLength_TARD;APHE_heterogeneous;0.4762462790741554;3.88617159361265e-06;0.7819198508853681;0.7819198508853681
original_glcm_MCC_TARD;APHE_heterogeneous;0.4762462790741554;3.88617159361265e-06;0.7819198508853682;0.7819198508853682
original_gldm_DependenceNonUniformity_PORT;APHE_heterogeneous;0.4746719112094474;4.182223116376604e-06;0.7809878844361603;0.7809878844361603
original_gldm_DependenceNonUniformity_TARD;APHE_heterogeneous;0.4746719112094474;4.182223116376604e-06;0.7809878844361602;0.7809878844361602
original_glszm_LargeAreaEmphasis_PORT;Size_mm;0.4727218466150461;0.45983009884667286;;
original_shape_Maximum3DDiameter_TARD;Satellite_nodule;0.47161332778237475;4.820292873305665e-06;0.8733333333333334;0.8733333333333334
original_glrlm_RunLengthNonUniformity_ART;APHE_heterogeneous;0.47152317548003153;4.8404470488486955e-06;0.7791239515377447;0.7791239515377447
original_glcm_Correlation_TARD;APHE_heterogeneous;0.47152317548003153;4.8404470488486955e-06;0.7791239515377446;0.7791239515377446
original_glcm_SumEntropy_TARD;Size_mm;0.4704881952779476;0.25279616425959334;;
original_shape_SurfaceVolumeRatio_TARD;Necrosis;-0.46992579493484543;5.211222806753026e-06;0.17310167310167307;0.826898326898327
original_ngtdm_Complexity_PORT;Size_mm;0.4697809890552298;0.3150985905429501;;
original_shape_Maximum2DDiameterColumn_TARD;APHE_heterogeneous;0.46801032864688186;5.6917343997425e-06;0.777027027027027;0.777027027027027
original_shape_MajorAxisLength_PORT;Satellite_nodule;0.467394316191918;5.855080430936963e-06;0.8700000000000001;0.8700000000000001
original_shape_Sphericity_PORT;Satellite_nodule;-0.467394316191918;5.855080430936963e-06;0.12999999999999998;0.87
original_shape_SurfaceVolumeRatio_ART;Necrosis;-0.46622559182512224;6.177399398853465e-06;0.17567567567567566;0.8243243243243243
original_glrlm_ShortRunHighGrayLevelEmphasis_TARD;Size_mm;0.46541171496635986;0.24503766738079247;;
original_shape_MajorAxisLength_TARD;Satellite_nodule;0.46528893638925173;6.447904637846482e-06;0.8683333333333334;0.8683333333333334
original_glrlm_RunLengthNonUniformity_PORT;APHE_heterogeneous;0.4652257040211998;6.466568746663435e-06;0.7753960857409132;0.7753960857409132
original_shape_SurfaceVolumeRatio_PORT;Necrosis;-0.4634504394928299;7.012171494340602e-06;0.1776061776061776;0.8223938223938224
original_shape_Maximum2DDiameterColumn_TARD;Satellite_nodule;0.46321273523947765;7.088486021616966e-06;0.8666666666666666;0.8666666666666666
original_glcm_Autocorrelation_PORT;Size_mm;0.46315705750383407;0.2763545193519142;;
original_firstorder_Variance_TARD;Size_mm;0.46289798195689785;0.2557081360823465;;
original_shape_Sphericity_TARD;Satellite_nodule;-0.46213086668525233;7.445966144189106e-06;0.13416666666666666;0.8658333333333333
original_glszm_SmallAreaHighGrayLevelEmphasis_PORT;Size_mm;0.46208574510704375;0.358749901618453;;
original_glrlm_LowGrayLevelRunEmphasis_ART;Size_mm;-0.4616586205566895;0.3645941544683528;;
original_gldm_HighGrayLevelEmphasis_PORT;Size_mm;0.46133652663347147;0.2737491709355182;;
original_gldm_GrayLevelVariance_TARD;Size_mm;0.4612455000899534;0.2556774782199217;;
original_glcm_Idmn_TARD;APHE_heterogeneous;0.46050260042707586;8.016665578279422e-06;0.7726001863932899;0.7726001863932899
original_gldm_LargeDependenceHighGrayLevelEmphasis_TARD;Late_enhancement;0.4602629088779085;8.104128177443735e-06;0.8017142857142857;0.8017142857142857
original_glszm_HighGrayLevelZoneEmphasis_ART;Size_mm;0.45749940772209213;0.35908851681616427;;
original_glcm_ClusterTendency_PORT;Size_mm;0.45714230358982877;0.35399783992204076;;
original_glcm_SumAverage_PORT;Size_mm;0.4565681361614837;0.2637746333123913;;
original_glrlm_GrayLevelVariance_PORT;Size_mm;0.4565401279942473;0.3401687134585671;;
original_glcm_SumEntropy_PORT;Size_mm;0.4564210932834929;0.36511868141483383;;
original_glcm_SumSquares_TARD;Size_mm;0.4555178298901207;0.26445742515299797;;
original_glrlm_RunLengthNonUniformity_TARD;APHE_heterogeneous;0.4542051289682441;1.0642886333572031e-05;0.7688723205964585;0.7688723205964585
original_glrlm_GrayLevelNonUniformityNormalized_PORT;Size_mm;-0.45417343786277603;0.3748752079282913;;
original_firstorder_Entropy_TARD;Size_mm;0.45375331535423086;0.2723706653175133;;
original_shape_MajorAxisLength_ART;Portal_thrombosis;0.4537311285698663;1.087074914319331e-05;0.8694885361552028;0.8694885361552028
original_shape_Maximum2DDiameterSlice_ART;Satellite_nodule;0.4537220498374401;1.0875158630701463e-05;0.8591666666666666;0.8591666666666666
original_shape_SurfaceArea_ART;Satellite_nodule;0.45370934747458713;1.0881330960711176e-05;0.8591666666666667;0.8591666666666667
original_glszm_LargeAreaHighGrayLevelEmphasis_TARD;APHE_heterogeneous;0.45341794503589017;1.102385113481186e-05;0.7684063373718546;0.7684063373718546
original_shape_Maximum3DDiameter_ART;Portal_thrombosis;0.45048718638851204;1.255989794325069e-05;0.8668430335097002;0.8668430335097002
original_shape_Maximum2DDiameterSlice_ART;Portal_thrombosis;0.44995360860600525;1.2860687600848874e-05;0.8664021164021165;0.8664021164021165
original_ngtdm_Strength_TARD;Size_mm;-0.4499442046100878;0.1281286586931531;;
original_glszm_ZoneEntropy_ART;Necrosis;0.4477245762765063;1.4193206350751557e-05;0.8114543114543115;0.8114543114543115
original_glcm_Idmn_ART;APHE_heterogeneous;0.4471204735770583;1.4576421261829479e-05;0.7646784715750232;0.7646784715750232
original_glcm_MCC_ART;APHE_heterogeneous;0.4471204735770583;1.4576421261829479e-05;0.7646784715750233;0.7646784715750233
original_shape_Maximum3DDiameter_ART;Shape;0.4468548746097648;4.011037570601038e-06;;
original_ngtdm_Contrast_PORT;Size_mm;-0.4464641898309719;0.6130296235536723;;
original_shape_SurfaceArea_PORT;Satellite_nodule;0.4463405181652551;1.5085798050501432e-05;0.8533333333333333;0.8533333333333333
original_shape_MajorAxisLength_PORT;Portal_thrombosis;0.4461508949183411;1.5212178546614238e-05;0.8633156966490301;0.8633156966490301
original_glcm_Idmn_ART;Portal_thrombosis;0.4461508949183411;1.5212178546614238e-05;0.86331569664903;0.86331569664903
original_glszm_GrayLevelNonUniformity_TARD;Portal_thrombosis;0.4461508949183411;1.5212178546614238e-05;0.86331569664903;0.86331569664903
original_firstorder_MeanAbsoluteDeviation_TARD;Size_mm;0.4456869631901633;0.3071699716676136;;
original_shape_Maximum2DDiameterColumn_PORT;Portal_thrombosis;0.4451131784491583;1.592187108850595e-05;0.8624338624338626;0.8624338624338626
original_shape_Maximum3DDiameter_PORT;Portal_thrombosis;0.44507579204517417;1.5948019561245328e-05;0.8624338624338624;0.8624338624338624
original_shape_Maximum2DDiameterSlice_PORT;Portal_thrombosis;0.4445358929942134;1.6330225061868452e-05;0.8619929453262787;0.8619929453262787
original_glrlm_GrayLevelNonUniformity_ART;Satellite_nodule;0.44423513836258877;1.6546905455400213e-05;0.8516666666666666;0.8516666666666666
original_shape_SurfaceArea_TARD;Satellite_nodule;0.44423513836258877;1.6546905455400213e-05;0.8516666666666666;0.8516666666666666
original_shape_Maximum2DDiameterRow_ART;Satellite_nodule;0.44319640713454517;1.7316533458873604e-05;0.8508333333333333;0.8508333333333333
original_glszm_GrayLevelNonUniformity_PORT;Portal_thrombosis;0.4429022233534017;1.7540627370243593e-05;0.8606701940035273;0.8606701940035273
original_glrlm_LongRunHighGrayLevelEmphasis_TARD;Late_enhancement;0.4428287077840482;1.7597057731307085e-05;0.7902857142857143;0.7902857142857143
original_shape_MajorAxisLength_ART;Shape;0.4424976962187836;7.170592272659321e-06;;
original_glszm_SmallAreaLowGrayLevelEmphasis_ART;Late_enhancement;-0.44195699772935526;1.8279503084786194e-05;0.2102857142857143;0.7897142857142857
original_shape_Maximum2DDiameterColumn_ART;Portal_thrombosis;0.4418456192223199;1.8368494375895284e-05;0.8597883597883598;0.8597883597883598
original_gldm_LowGrayLevelEmphasis_TARD;Late_enhancement;-0.4410852876746622;1.8987115512871803e-05;0.21085714285714285;0.7891428571428571
original_shape_MajorAxisLength_TARD;Portal_thrombosis;0.44073644231010883;1.927753776981844e-05;0.8589065255731922;0.8589065255731922
original_shape_SurfaceArea_PORT;Portal_thrombosis;0.4396535517884624;2.020626276161867e-05;0.8580246913580247;0.8580246913580247
original_shape_SurfaceArea_TARD;Portal_thrombosis;0.4396535517884624;2.020626276161867e-05;0.8580246913580247;0.8580246913580247
original_glcm_Correlation_PORT;APHE_heterogeneous;0.4392486342535185;2.056435635746591e-05;0.7600186393289842;0.7600186393289842
original_shape_Maximum2DDiameterSlice_TARD;Portal_thrombosis;0.43914591665534114;2.065615209687217e-05;0.857583774250441;0.857583774250441
original_glszm_GrayLevelNonUniformity_ART;Satellite_nodule;0.43897168885592297;2.0812747162079517e-05;0.8474999999999999;0.8474999999999999
original_shape_Maximum2DDiameterRow_TARD;Satellite_nodule;0.4384837067699892;2.1257381527098756e-05;0.8470833333333332;0.8470833333333332
original_shape_MinorAxisLength_ART;Necrosis;0.43847406850219833;2.1266254032249222e-05;0.805019305019305;0.805019305019305
original_shape_Maximum2DDiameterSlice_PORT;Satellite_nodule;0.43792819407199635;2.177455275178133e-05;0.8466666666666667;0.8466666666666667
original_shape_MinorAxisLength_TARD;Satellite_nodule;0.4379189989545899;2.1783213155667326e-05;0.8466666666666667;0.8466666666666667
original_shape_Maximum2DDiameterColumn_TARD;Shape;0.43759967102618597;2.558787309999857e-06;;
original_firstorder_Entropy_PORT;Size_mm;0.4365773067965418;0.39115864974305037;;
original_shape_SurfaceArea_ART;Portal_thrombosis;0.436404880223523;2.3254887591397317e-05;0.855379188712522;0.855379188712522
original_glrlm_LowGrayLevelRunEmphasis_TARD;Late_enhancement;-0.4358550273465042;2.3812376847743727e-05;0.2142857142857143;0.7857142857142857
original_glrlm_GrayLevelNonUniformity_TARD;Satellite_nodule;0.43581361915192357;2.385487102388192e-05;0.845;0.845
original_gldm_SmallDependenceLowGrayLevelEmphasis_TARD;Shape;-0.4341179967769479;1.3151384915313026e-05;;
original_glcm_SumSquares_PORT;Size_mm;0.434007557452607;0.4114648796316705;;
original_glszm_GrayLevelNonUniformity_PORT;Satellite_nodule;0.4337082393492573;2.6113134613662104e-05;0.8433333333333334;0.8433333333333334
original_shape_MeshVolume_ART;Satellite_nodule;0.4337082393492573;2.6113134613662104e-05;0.8433333333333334;0.8433333333333334
original_shape_VoxelVolume_ART;Satellite_nodule;0.4337082393492573;2.6113134613662104e-05;0.8433333333333334;0.8433333333333334
original_glszm_GrayLevelNonUniformity_TARD;Satellite_nodule;0.4337082393492573;2.6113134613662104e-05;0.8433333333333334;0.8433333333333334
original_shape_Maximum3DDiameter_TARD;APHE_heterogeneous;0.43335233727991074;2.6514428957046513e-05;0.7565237651444549;0.7565237651444549
original_gldm_DependenceNonUniformity_TARD;Necrosis;0.43292376383761355;2.7005447833720526e-05;0.8011583011583012;0.8011583011583012
original_shape_Maximum2DDiameterSlice_TARD;Satellite_nodule;0.4321624769654283;2.7899051477083696e-05;0.8420833333333333;0.8420833333333333
original_shape_Maximum2DDiameterRow_PORT;Portal_thrombosis;0.43210053697317297;2.797298072805249e-05;0.8518518518518519;0.8518518518518519
original_shape_MeshVolume_TARD;Necrosis;0.43199871306018267;2.8094918845156488e-05;0.8005148005148005;0.8005148005148005
original_shape_VoxelVolume_TARD;Necrosis;0.43199871306018267;2.8094918845156488e-05;0.8005148005148005;0.8005148005148005
original_shape_MinorAxisLength_ART;Satellite_nodule;0.43160285954659094;2.857378708808783e-05;0.8416666666666667;0.8416666666666667
original_shape_LeastAxisLength_ART;Necrosis;0.4310736622827519;2.9226093223700004e-05;0.7998712998712999;0.7998712998712999
original_gldm_SmallDependenceLowGrayLevelEmphasis_PORT;APHE_heterogeneous;-0.4305896109976248;2.9835124738366617e-05;0.24510717614165886;0.7548928238583411
original_shape_MinorAxisLength_PORT;Satellite_nodule;0.4305501696452578;2.9885277621588617e-05;0.8408333333333333;0.8408333333333333
original_ngtdm_Coarseness_ART;Satellite_nodule;-0.4305501696452578;2.9885277621587736e-05;0.15916666666666668;0.8408333333333333
original_glszm_ZoneEntropy_TARD;Satellite_nodule;0.4305501696452578;2.9885277621588617e-05;0.8408333333333333;0.8408333333333333
original_shape_Maximum2DDiameterRow_ART;Portal_thrombosis;0.4299210776543678;3.069613138029635e-05;0.8500881834215167;0.8500881834215167
original_ngtdm_Busyness_ART;APHE_heterogeneous;0.4298024270652709;3.08513884471959e-05;0.7544268406337372;0.7544268406337372
original_shape_Maximum2DDiameterRow_PORT;Satellite_nodule;0.42952453631297016;3.121794069516702e-05;0.84;0.84
original_glrlm_RunLengthNonUniformity_PORT;Satellite_nodule;0.4294974797439247;3.125384994815093e-05;0.8400000000000001;0.8400000000000001
original_shape_Maximum2DDiameterRow_TARD;Portal_thrombosis;0.4294036602858352;3.1378670600951495e-05;0.849647266313933;0.849647266313933
original_shape_MinorAxisLength_TARD;Necrosis;0.4292235607278903;3.1619609870771163e-05;0.7985842985842986;0.7985842985842986
original_glrlm_GrayLevelNonUniformity_PORT;Satellite_nodule;0.42844478984259154;3.268183976119337e-05;0.8391666666666666;0.8391666666666666
original_gldm_GrayLevelNonUniformity_ART;Satellite_nodule;0.42844478984259154;3.268183976119337e-05;0.8391666666666667;0.8391666666666667
original_shape_Maximum3DDiameter_TARD;Shape;0.42837897010717013;3.6155212660834664e-06;;
original_firstorder_Uniformity_TARD;Size_mm;-0.42836391175448335;0.3125327143494842;;
original_gldm_DependenceNonUniformity_PORT;Necrosis;0.42829850995045954;3.288510827329075e-05;0.7979407979407979;0.7979407979407979
original_ngtdm_Coarseness_ART;Necrosis;-0.42829850995045954;3.288510827329075e-05;0.20205920205920203;0.797940797940798
original_ngtdm_Coarseness_TARD;Necrosis;-0.42829850995045954;3.288510827329075e-05;0.20205920205920205;0.797940797940798
original_shape_Maximum3DDiameter_TARD;Portal_thrombosis;0.4277492405300336;3.3659138540985634e-05;0.8483245149911817;0.8483245149911817
original_glrlm_RunLengthNonUniformity_PORT;Portal_thrombosis;0.42774175605035125;3.3669804218643935e-05;0.8483245149911817;0.8483245149911817
original_ngtdm_Coarseness_PORT;Necrosis;-0.42737345917302877;3.4198625425918994e-05;0.20270270270270271;0.7972972972972973
original_glcm_SumAverage_TARD;Late_enhancement;0.4271379267995741;3.4540941369275484e-05;0.78;0.78
original_shape_LeastAxisLength_PORT;Necrosis;0.42644840839559794;3.556187371779442e-05;0.7966537966537967;0.7966537966537967
original_shape_MeshVolume_PORT;Necrosis;0.42644840839559794;3.556187371779442e-05;0.7966537966537967;0.7966537966537967
original_shape_MinorAxisLength_PORT;Necrosis;0.42644840839559794;3.556187371779442e-05;0.7966537966537967;0.7966537966537967
original_shape_VoxelVolume_PORT;Necrosis;0.42644840839559794;3.556187371779442e-05;0.7966537966537967;0.7966537966537967
original_shape_MeshVolume_ART;Necrosis;0.42644840839559794;3.556187371779442e-05;0.7966537966537967;0.7966537966537967
original_shape_VoxelVolume_ART;Necrosis;0.42644840839559794;3.556187371779442e-05;0.7966537966537967;0.7966537966537967
original_gldm_GrayLevelVariance_PORT;Size_mm;0.4264313482151755;0.39353431339986544;;
original_glrlm_ShortRunLowGrayLevelEmphasis_TARD;Late_enhancement;-0.4262662167448811;3.583638334792254e-05;0.22057142857142858;0.7794285714285714
original_glcm_Autocorrelation_TARD;Late_enhancement;0.4262662167448811;3.583638334792254e-05;0.7794285714285715;0.7794285714285715
original_shape_MeshVolume_ART;Portal_thrombosis;0.42557597500705835;3.6894737714710476e-05;0.8465608465608465;0.8465608465608465
original_shape_VoxelVolume_ART;Portal_thrombosis;0.42557597500705835;3.6894737714710476e-05;0.8465608465608465;0.8465608465608465
original_shape_LeastAxisLength_TARD;Necrosis;0.4255233576181672;3.697662221933092e-05;0.7960102960102959;0.7960102960102959
original_ngtdm_Coarseness_TARD;Satellite_nodule;-0.4252867201385921;3.73470209823737e-05;0.16333333333333333;0.8366666666666667
original_shape_Maximum2DDiameterColumn_ART;Shape;0.4250898032879417;8.324159402900195e-06;;
original_ngtdm_Coarseness_ART;Portal_thrombosis;-0.42449308448541195;3.861515018898269e-05;0.15432098765432098;0.845679012345679
original_glrlm_GrayLevelNonUniformity_TARD;Portal_thrombosis;0.42449308448541195;3.861515018898269e-05;0.845679012345679;0.845679012345679
original_ngtdm_Complexity_ART;Size_mm;0.4242537132125495;0.3969730306854973;;
original_shape_MeshVolume_PORT;Satellite_nodule;0.4242340302372589;3.903785954520608e-05;0.8358333333333333;0.8358333333333333
original_shape_VoxelVolume_PORT;Satellite_nodule;0.4242340302372589;3.903785954520608e-05;0.8358333333333333;0.8358333333333333
original_shape_MeshVolume_TARD;Satellite_nodule;0.4242340302372589;3.903785954520608e-05;0.8358333333333333;0.8358333333333333
original_shape_VoxelVolume_TARD;Satellite_nodule;0.4242340302372589;3.903785954520608e-05;0.8358333333333333;0.8358333333333333
original_glrlm_GrayLevelNonUniformity_PORT;Necrosis;0.4236732560633055;3.9967989837055676e-05;0.7947232947232947;0.7947232947232947
original_glszm_LargeAreaLowGrayLevelEmphasis_PORT;Late_enhancement;-0.4236510865808021;4.0005190075273725e-05;0.22228571428571428;0.7777142857142857
original_shape_Maximum3DDiameter_PORT;Shape;0.4235075069129734;1.010787638334314e-05;;
original_shape_Maximum2DDiameterColumn_TARD;Portal_thrombosis;0.42343686705892397;4.0366345695659374e-05;0.8447971781305115;0.8447971781305115
original_gldm_DependenceNonUniformity_ART;Portal_thrombosis;0.4234101939637655;4.04115302312832e-05;0.8447971781305115;0.8447971781305115
original_gldm_LowGrayLevelEmphasis_ART;Size_mm;-0.4232734273592774;0.41487080996123943;;
original_shape_Maximum2DDiameterColumn_PORT;Shape;0.4231170831978508;1.3916540016141938e-05;;
original_ngtdm_Busyness_ART;Necrosis;0.42274820528587476;4.154844610683775e-05;0.7940797940797941;0.7940797940797941
original_glrlm_ShortRunHighGrayLevelEmphasis_PORT;Size_mm;0.4217119720358512;0.39499622927814787;;
original_glrlm_RunLengthNonUniformity_TARD;Portal_thrombosis;0.4212444129204725;4.424490472854413e-05;0.8430335097001764;0.8430335097001764
original_ngtdm_Coarseness_TARD;Portal_thrombosis;-0.4212444129204725;4.424490472854413e-05;0.15696649029982365;0.8430335097001763
original_gldm_GrayLevelNonUniformity_TARD;Necrosis;0.42089810373101316;4.488897217289054e-05;0.7927927927927928;0.7927927927927928
original_gldm_LargeDependenceLowGrayLevelEmphasis_TARD;Late_enhancement;-0.42016424636203004;4.6283310005899136e-05;0.22457142857142856;0.7754285714285715
original_glszm_GrayLevelNonUniformity_ART;Portal_thrombosis;0.42016152239882604;4.628856126184336e-05;0.8421516754850088;0.8421516754850088
original_glcm_Idn_ART;Portal_thrombosis;0.42016152239882604;4.628856126184336e-05;0.8421516754850088;0.8421516754850088
original_gldm_DependenceNonUniformity_ART;Satellite_nodule;0.42002327063192635;4.655582626559718e-05;0.8325;0.8325
original_glrlm_RunLengthNonUniformity_TARD;Satellite_nodule;0.42002327063192635;4.655582626559718e-05;0.8325;0.8325
original_shape_MeshVolume_PORT;Portal_thrombosis;0.4190786318771796;4.842151806640602e-05;0.8412698412698413;0.8412698412698413
original_shape_VoxelVolume_PORT;Portal_thrombosis;0.4190786318771796;4.842151806640602e-05;0.8412698412698413;0.8412698412698413
original_ngtdm_Coarseness_PORT;Portal_thrombosis;-0.4190786318771796;4.842151806640602e-05;0.15873015873015872;0.8412698412698413
original_gldm_DependenceNonUniformity_TARD;Portal_thrombosis;0.4190786318771796;4.842151806640602e-05;0.8412698412698413;0.8412698412698413
original_glrlm_GrayLevelNonUniformity_ART;Necrosis;0.41904800217615157;4.8483183315078635e-05;0.7915057915057915;0.7915057915057915
original_gldm_GrayLevelNonUniformity_ART;Necrosis;0.41904800217615157;4.8483183315078635e-05;0.7915057915057915;0.7915057915057915
original_gldm_HighGrayLevelEmphasis_TARD;Late_enhancement;0.41842082625264404;4.976233487907416e-05;0.7742857142857142;0.7742857142857142
original_gldm_GrayLevelNonUniformity_PORT;Necrosis;0.4181229513987208;5.03810070984942e-05;0.7908622908622909;0.7908622908622909
original_gldm_DependenceNonUniformity_ART;Necrosis;0.4181229513987208;5.03810070984942e-05;0.7908622908622908;0.7908622908622908
original_glrlm_GrayLevelNonUniformity_PORT;Portal_thrombosis;0.4179957413555332;5.064743186338391e-05;0.8403880070546738;0.8403880070546738
original_gldm_DependenceNonUniformity_PORT;Portal_thrombosis;0.4179957413555332;5.064743186338391e-05;0.8403880070546738;0.8403880070546738
original_glcm_Idn_TARD;APHE_heterogeneous;0.41799466807996116;5.0649685368846104e-05;0.7474370922646785;0.7474370922646785
original_gldm_DependenceNonUniformity_TARD;Satellite_nodule;0.41791789082926006;5.0811137683341174e-05;0.8308333333333333;0.8308333333333333
original_shape_MajorAxisLength_PORT;Shape;0.417606426342573;2.4772573587664347e-05;;
original_glrlm_LongRunLowGrayLevelEmphasis_PORT;Late_enhancement;-0.417549116197951;5.159344297745768e-05;0.2262857142857143;0.7737142857142857
original_shape_Maximum2DDiameterSlice_ART;Shape;0.41643315499558625;1.6300424783179165e-05;;
original_glrlm_GrayLevelNonUniformity_ART;Portal_thrombosis;0.41582996031224023;5.539345419292771e-05;0.8386243386243386;0.8386243386243386
original_ngtdm_Coarseness_PORT;Satellite_nodule;-0.4158125110265937;5.543334982893873e-05;0.17083333333333334;0.8291666666666666
original_glrlm_LongRunLowGrayLevelEmphasis_TARD;Late_enhancement;-0.415805696088565;5.544893873316586e-05;0.22742857142857145;0.7725714285714286
original_firstorder_RobustMeanAbsoluteDeviation_TARD;Size_mm;0.4152350833624462;0.39287508663084164;;
original_shape_MeshVolume_TARD;Portal_thrombosis;0.4147470697905938;5.79215874110703e-05;0.8377425044091711;0.8377425044091711
original_shape_VoxelVolume_TARD;Portal_thrombosis;0.4147470697905938;5.79215874110703e-05;0.8377425044091711;0.8377425044091711
original_glcm_ClusterShade_ART;Necrosis;0.41442274828899756;5.869977100211685e-05;0.7882882882882883;0.7882882882882883
original_shape_MajorAxisLength_TARD;Shape;0.4141213387743418;2.090890533175149e-05;;
original_shape_Maximum2DDiameterRow_ART;Shape;0.4138865458708661;9.705581644632982e-06;;
original_gldm_LargeDependenceLowGrayLevelEmphasis_PORT;Late_enhancement;-0.41319056592448594;6.174750492417225e-05;0.22914285714285715;0.7708571428571429
original_glszm_ZoneEntropy_PORT;Satellite_nodule;0.4126544413225943;6.311982780589966e-05;0.8266666666666667;0.8266666666666667
original_gldm_DependenceNonUniformity_PORT;Satellite_nodule;0.4126544413225943;6.311982780589966e-05;0.8266666666666667;0.8266666666666667
original_glszm_LargeAreaLowGrayLevelEmphasis_PORT;Nonperiph_washout;0.41262048218651876;6.320771855794987e-05;0.7540322580645161;0.7540322580645161
original_shape_MinorAxisLength_ART;Portal_thrombosis;0.4125812887473009;6.330930039107146e-05;0.835978835978836;0.835978835978836
original_glrlm_RunVariance_ART;Size_mm;0.4117480665415211;0.40870876711543846;;
original_gldm_GrayLevelNonUniformity_PORT;Satellite_nodule;0.41160175142126115;6.589883929187736e-05;0.8258333333333334;0.8258333333333334
original_glrlm_RunLengthNonUniformity_ART;Portal_thrombosis;0.41149839822565437;6.617783916736032e-05;0.8350970017636684;0.8350970017636684
original_gldm_HighGrayLevelEmphasis_PORT;Late_enhancement;0.41144714581509995;6.631660828718492e-05;0.7697142857142857;0.7697142857142857
original_firstorder_InterquartileRange_TARD;Size_mm;0.41121559241471634;0.40469780053195037;;
original_shape_MinorAxisLength_PORT;Portal_thrombosis;0.4104155077040079;6.916908361309933e-05;0.8342151675485009;0.8342151675485009
original_firstorder_Uniformity_PORT;Size_mm;-0.41002556425648584;0.42909997681815465;;
original_firstorder_Kurtosis_TARD;Size_mm;0.4091293029049227;0.12612932384379522;;
original_shape_Maximum2DDiameterRow_PORT;Necrosis;0.40889820090128504;7.357611259701086e-05;0.7844272844272844;0.7844272844272844
original_glszm_ZoneEntropy_PORT;Necrosis;0.4088724436244128;7.365316839603511e-05;0.7844272844272845;0.7844272844272845
original_shape_SurfaceArea_ART;Necrosis;0.4088724436244128;7.365316839603511e-05;0.7844272844272844;0.7844272844272844
original_shape_LeastAxisLength_TARD;Satellite_nodule;0.4084436817172617;7.494712158329558e-05;0.8233333333333333;0.8233333333333333
original_gldm_GrayLevelNonUniformity_TARD;Satellite_nodule;0.4084436817172617;7.494712158329558e-05;0.8233333333333334;0.8233333333333334
original_shape_Maximum2DDiameterRow_ART;Necrosis;0.4084227816977696;7.501074167388882e-05;0.7841055341055341;0.7841055341055341
original_shape_LeastAxisLength_PORT;Portal_thrombosis;0.408249726660715;7.55394904318546e-05;0.8324514991181657;0.8324514991181657
original_glszm_SmallAreaLowGrayLevelEmphasis_PORT;Late_enhancement;-0.40796030559632795;7.643166572185863e-05;0.23257142857142857;0.7674285714285715
original_gldm_LowGrayLevelEmphasis_PORT;Late_enhancement;-0.40796030559632795;7.643166572185863e-05;0.2325714285714286;0.7674285714285713
original_glcm_Autocorrelation_PORT;Late_enhancement;0.40796030559632795;7.643166572185633e-05;0.7674285714285715;0.7674285714285715
original_glcm_SumAverage_PORT;Late_enhancement;0.40796030559632795;7.643166572185633e-05;0.7674285714285715;0.7674285714285715
original_shape_SurfaceArea_PORT;Necrosis;0.40794739284698195;7.647170209406989e-05;0.7837837837837838;0.7837837837837838
original_glrlm_GrayLevelNonUniformity_TARD;Necrosis;0.40794739284698195;7.647170209406989e-05;0.7837837837837838;0.7837837837837838
original_firstorder_Skewness_TARD;Nonperiph_washout;0.40770833358906017;7.7216504124916e-05;0.7510080645161291;0.7510080645161291
original_shape_LeastAxisLength_ART;Portal_thrombosis;0.40716683613906857;7.892901055649336e-05;0.8315696649029982;0.8315696649029982
original_shape_LeastAxisLength_TARD;Portal_thrombosis;0.40716683613906857;7.892901055649336e-05;0.8315696649029982;0.8315696649029982
original_glrlm_LowGrayLevelRunEmphasis_PORT;Late_enhancement;-0.4070885955416349;7.91793982296534e-05;0.23314285714285715;0.7668571428571429
original_glrlm_HighGrayLevelRunEmphasis_PORT;Late_enhancement;0.40621688548694185;8.202033251913942e-05;0.7662857142857143;0.7662857142857143
original_gldm_GrayLevelNonUniformity_ART;Portal_thrombosis;0.40500105509577566;8.614401441147658e-05;0.8298059964726632;0.8298059964726632
original_glrlm_ShortRunLowGrayLevelEmphasis_ART;Late_enhancement;-0.40360175532286285;9.113229358830789e-05;0.23542857142857143;0.7645714285714286
original_glcm_Correlation_ART;Necrosis;0.403322138959828;9.216125138123182e-05;0.7805662805662805;0.7805662805662805
original_glcm_Imc1_TARD;APHE_heterogeneous;-0.4030381733652357;9.321743751452607e-05;0.2614165890027959;0.738583410997204
original_glszm_SizeZoneNonUniformity_PORT;Portal_thrombosis;0.4028352740524827;9.397909527459357e-05;0.828042328042328;0.828042328042328
original_shape_MinorAxisLength_TARD;Portal_thrombosis;0.4028352740524827;9.397909527459357e-05;0.828042328042328;0.828042328042328
original_shape_SurfaceArea_ART;Shape;0.40272123010670585;1.145966606153792e-05;;
original_shape_SurfaceArea_TARD;Necrosis;0.40239708818239717;9.56440864604702e-05;0.7799227799227798;0.7799227799227798
original_ngtdm_Busyness_PORT;Necrosis;0.4014720374049664;9.925094344967988e-05;0.7792792792792792;0.7792792792792792
original_shape_LeastAxisLength_PORT;Satellite_nodule;0.40107485240792967;0.00010083867958246058;0.8175;0.8175
original_gldm_SmallDependenceLowGrayLevelEmphasis_PORT;Satellite_nodule;-0.40107485240792967;0.00010083867958246058;0.18250000000000002;0.8175
original_glrlm_HighGrayLevelRunEmphasis_TARD;Late_enhancement;0.40098662515878386;0.00010119460524583493;0.7628571428571429;0.7628571428571429
original_glszm_LargeAreaHighGrayLevelEmphasis_ART;APHE_heterogeneous;0.4006766215681737;0.00010245464551888062;0.7371854613233924;0.7371854613233924
original_glrlm_ShortRunHighGrayLevelEmphasis_PORT;Late_enhancement;0.40011491510409086;0.00010477556766085892;0.7622857142857143;0.7622857142857143
original_glszm_LowGrayLevelZoneEmphasis_PORT;Late_enhancement;-0.40011491510409086;0.00010477556766085892;0.23771428571428574;0.7622857142857142
original_gldm_LargeDependenceHighGrayLevelEmphasis_TARD;Shape;0.399964138608283;0.00014874567932928883;;
original_glcm_Idn_ART;APHE_heterogeneous;0.39910225370346575;0.00010908566087268941;0.7362534948741845;0.7362534948741845
original_glcm_Idmn_PORT;Satellite_nodule;0.39896947260526333;0.00010966305323081874;0.8158333333333334;0.8158333333333334
original_glcm_MCC_ART;Necrosis;0.39869688507267403;0.00011085743459980833;0.7773487773487773;0.7773487773487773
original_glszm_LowGrayLevelZoneEmphasis_ART;Late_enhancement;-0.3983714949947048;0.00011229924563718318;0.23885714285714282;0.7611428571428571
original_glszm_HighGrayLevelZoneEmphasis_PORT;Late_enhancement;0.3974997849400118;0.00011624947588683549;0.7605714285714286;0.7605714285714286
original_glszm_ZoneEntropy_ART;Portal_thrombosis;0.39742082144425045;0.00011661370633606049;0.8236331569664903;0.8236331569664903
original_shape_Maximum2DDiameterSlice_PORT;Necrosis;0.39685511622951375;0.00011925474922388844;0.7760617760617761;0.7760617760617761
original_shape_Maximum2DDiameterSlice_PORT;Shape;0.3964718864270493;4.897636979816524e-05;;
original_glrlm_HighGrayLevelRunEmphasis_ART;Size_mm;0.3962875582270582;0.4773243645703465;;
original_shape_Maximum2DDiameterSlice_ART;Necrosis;0.39593281724092944;0.00012368185946726295;0.7754182754182753;0.7754182754182753
original_glrlm_RunLengthNonUniformity_ART;Satellite_nodule;0.39581140290126393;0.000124276067158667;0.8133333333333334;0.8133333333333334
original_glrlm_ShortRunLowGrayLevelEmphasis_PORT;Late_enhancement;-0.39575636483062576;0.00012454631166583028;0.24057142857142857;0.7594285714285715
original_gldm_LargeDependenceHighGrayLevelEmphasis_PORT;Late_enhancement;0.3948846547759328;0.0001289010881625797;0.7588571428571429;0.7588571428571429
original_shape_Sphericity_TARD;Late_enhancement;-0.3948846547759328;0.0001289010881625797;0.2411428571428572;0.7588571428571428
original_glszm_ZoneEntropy_TARD;Portal_thrombosis;0.39417214987931104;0.00013256669865561;0.8209876543209876;0.8209876543209876
original_shape_Maximum2DDiameterSlice_TARD;Necrosis;0.3941019733509399;0.00013293300001626074;0.7741312741312741;0.7741312741312741
original_firstorder_10Percentile_delta_TARD_ART;Nonperiph_washout;-0.3938043604183938;0.00013449707865112557;0.25756048387096775;0.7424395161290323
original_glcm_Idmn_ART;Necrosis;0.3931465804080892;0.00013801570649879432;0.7734877734877734;0.7734877734877734
original_gldm_GrayLevelNonUniformity_TARD;Portal_thrombosis;0.3930892593576646;0.00013832640393667835;0.8201058201058201;0.8201058201058201
original_glszm_LowGrayLevelZoneEmphasis_TARD;Late_enhancement;-0.39226952461185377;0.00014284232167842954;0.24285714285714288;0.7571428571428571
original_gldm_SmallDependenceLowGrayLevelEmphasis_PORT;Shape;-0.3921575424554454;0.00010707704552590491;;
original_glcm_Correlation_PORT;Portal_thrombosis;0.39200636883601814;0.0001443212443423807;0.8192239858906526;0.8192239858906526
original_glrlm_RunLengthNonUniformity_PORT;Shape;0.3919406925623109;4.420202069932821e-05;;
original_shape_LeastAxisLength_ART;Satellite_nodule;0.3916006432959313;0.000146629684897977;0.81;0.81
original_gldm_SmallDependenceLowGrayLevelEmphasis_TARD;Satellite_nodule;-0.3916006432959313;0.000146629684897977;0.19;0.81
original_gldm_SmallDependenceHighGrayLevelEmphasis_PORT;Late_enhancement;0.3913978145571608;0.0001477967040875489;0.7565714285714287;0.7565714285714287
original_gldm_SmallDependenceLowGrayLevelEmphasis_TARD;Portal_thrombosis;-0.3909234783143717;0.0001505601313268451;0.181657848324515;0.818342151675485
original_glcm_JointEnergy_PORT;Late_enhancement;-0.3905261045024677;0.0001529125550812883;0.244;0.756
original_glszm_GrayLevelNonUniformity_PORT;Necrosis;0.39037142807579683;0.00015383754856615044;0.7715572715572715;0.7715572715572715
original_glszm_ZoneEntropy_TARD;Necrosis;0.39037142807579683;0.00015383754856615044;0.7715572715572716;0.7715572715572716
original_shape_SurfaceArea_PORT;Shape;0.389694747240562;2.584323330506874e-05;;
original_firstorder_RobustMeanAbsoluteDeviation_PORT;Size_mm;0.38880237553314473;0.5376402716489329;;
original_glszm_GrayLevelNonUniformity_ART;Shape;0.388579519218728;1.2122425142924073e-05;;
original_firstorder_Median_TARD;Nonperiph_washout;-0.3884949165535001;0.0001654871668158307;0.2608366935483871;0.7391633064516129
original_glszm_SizeZoneNonUniformity_TARD;Portal_thrombosis;0.3865919162277858;0.00017814534936413172;0.8148148148148148;0.8148148148148148
original_glszm_LargeAreaEmphasis_PORT;Nonperiph_washout;0.38642235633340644;0.000179316326676821;0.7379032258064517;0.7379032258064517
original_shape_Sphericity_PORT;Late_enhancement;-0.3861675542290027;0.00018108960197476623;0.24685714285714286;0.7531428571428571
original_glrlm_RunVariance_TARD;Size_mm;0.38608558331121917;0.4241332861396758;;
original_glcm_ClusterShade_ART;Size_mm;0.3859525445168465;0.1523896207317642;;
original_glszm_GrayLevelNonUniformity_ART;Necrosis;0.3857461741886428;0.00018405838842825307;0.7683397683397682;0.7683397683397682
original_shape_MinorAxisLength_ART;Shape;0.3853422600997934;2.2463395556742503e-05;;
original_glszm_GrayLevelNonUniformity_PORT;Shape;0.3851873673189831;1.937803682398741e-05;;
original_glszm_SmallAreaHighGrayLevelEmphasis_ART;Size_mm;0.38511229949975617;0.5621442768764479;;
original_gldm_SmallDependenceLowGrayLevelEmphasis_TARD;APHE_heterogeneous;-0.3849329429210942;0.00018991772327636963;0.2721342031686859;0.727865796831314
original_gldm_GrayLevelNonUniformity_PORT;Portal_thrombosis;0.38442613518449287;0.00019365747189516782;0.8130511463844797;0.8130511463844797
original_glcm_Idmn_PORT;Portal_thrombosis;0.38442613518449287;0.00019365747189516782;0.8130511463844798;0.8130511463844798
original_glcm_MaximumProbability_PORT;Late_enhancement;-0.3844241341196167;0.00019367237403238228;0.24799999999999997;0.752
original_shape_SurfaceArea_TARD;Shape;0.38428898919028354;2.8052742789844025e-05;;
original_ngtdm_Strength_ART;APHE_heterogeneous;-0.3841457589887402;0.00019575599722306724;0.2726001863932898;0.7273998136067101
original_shape_Maximum2DDiameterColumn_PORT;Necrosis;0.383935037783274;0.00019734722186927255;0.767052767052767;0.767052767052767
original_shape_MajorAxisLength_PORT;Necrosis;0.3838960726337812;0.00019764278865538204;0.767052767052767;0.767052767052767
original_ngtdm_Busyness_TARD;Necrosis;0.3838960726337812;0.00019764278865538204;0.767052767052767;0.767052767052767
original_shape_Sphericity_TARD;Portal_thrombosis;-0.38334324466284647;0.0002018812837357604;0.18783068783068785;0.8121693121693121
original_glszm_GrayLevelVariance_ART;Size_mm;0.3832497563785392;0.3387089014935176;;
original_glszm_SmallAreaLowGrayLevelEmphasis_PORT;Shape;-0.3829724005533962;0.00034978064295846013;;
original_firstorder_Median_TARD;Late_enhancement;0.38270616074457475;0.00020687163041703904;0.7508571428571428;0.7508571428571428
original_firstorder_Energy_PORT;APHE_heterogeneous;0.38257139112403227;0.00020794203790806096;0.7264678471575023;0.7264678471575023
original_firstorder_TotalEnergy_PORT;APHE_heterogeneous;0.38257139112403227;0.00020794203790806096;0.7264678471575023;0.7264678471575023
original_firstorder_Energy_ART;APHE_heterogeneous;0.38257139112403227;0.00020794203790806096;0.7264678471575023;0.7264678471575023
original_firstorder_TotalEnergy_ART;APHE_heterogeneous;0.38257139112403227;0.00020794203790806096;0.7264678471575023;0.7264678471575023
original_firstorder_Energy_TARD;APHE_heterogeneous;0.38257139112403227;0.00020794203790806096;0.7264678471575023;0.7264678471575023
original_firstorder_TotalEnergy_TARD;APHE_heterogeneous;0.38257139112403227;0.00020794203790806096;0.7264678471575023;0.7264678471575023
original_glszm_ZoneVariance_PORT;Nonperiph_washout;0.38232889916885765;0.00020988114222561063;0.7353830645161291;0.7353830645161291
original_shape_SurfaceVolumeRatio_ART;Portal_thrombosis;-0.3822603541412;0.00021043233845861525;0.18871252204585537;0.8112874779541446
original_glrlm_LowGrayLevelRunEmphasis_ART;Late_enhancement;-0.3818090039555377;0.0002140959022179984;0.2497142857142857;0.7502857142857143
original_shape_Sphericity_ART;Portal_thrombosis;-0.38117746361955357;0.00021932267773007002;0.18959435626102294;0.810405643738977
original_shape_Maximum2DDiameterColumn_ART;Necrosis;0.38114359539200415;0.00021960633629930672;0.7651222651222651;0.7651222651222651
original_glrlm_RunEntropy_TARD;APHE_heterogeneous;0.38099702325932433;0.00022083790594793618;0.7255358807082944;0.7255358807082944
original_gldm_DependenceNonUniformityNormalized_TARD;Size_mm;-0.38033690698595923;0.3111724313922317;;
original_glrlm_RunLengthNonUniformity_PORT;Necrosis;0.3792708187466272;0.00023583863405966462;0.7638352638352639;0.7638352638352639
original_glszm_GrayLevelNonUniformity_TARD;Necrosis;0.3792708187466272;0.00023583863405966462;0.7638352638352637;0.7638352638352637
original_glcm_Id_PORT;Late_enhancement;-0.37919387379145864;0.00023652905039528262;0.25142857142857145;0.7485714285714286
original_shape_Maximum2DDiameterSlice_TARD;Shape;0.3791525061465472;9.728232082365185e-05;;
original_gldm_LowGrayLevelEmphasis_TARD;Shape;-0.3790691024769774;0.000654756978284848;;
original_gldm_DependenceVariance_PORT;Nonperiph_washout;0.37905413343721867;0.00023778777326063946;0.7333669354838709;0.7333669354838709
original_glrlm_RunLengthNonUniformity_ART;Shape;0.37883676330576194;8.8522859311168e-05;;
original_glrlm_RunLengthNonUniformity_ART;Necrosis;0.37834576796919644;0.00024426569053400386;0.7631917631917632;0.7631917631917632
original_shape_Sphericity_PORT;Portal_thrombosis;-0.37792879205461416;0.0002481559126402519;0.1922398589065256;0.8077601410934744
original_firstorder_Energy_TARD;Portal_thrombosis;0.37792879205461416;0.0002481559126402519;0.8077601410934744;0.8077601410934744
original_firstorder_TotalEnergy_TARD;Portal_thrombosis;0.37792879205461416;0.0002481559126402519;0.8077601410934744;0.8077601410934744
original_glszm_GrayLevelNonUniformityNormalized_ART;Size_mm;-0.3777461515165972;0.31505068423115423;;
original_glcm_Idm_PORT;Late_enhancement;-0.3774504536820726;0.0002526901700601786;0.25257142857142856;0.7474285714285714
original_glszm_HighGrayLevelZoneEmphasis_ART;Late_enhancement;0.3774504536820726;0.0002526901700601786;0.7474285714285714;0.7474285714285714
original_glszm_LargeAreaHighGrayLevelEmphasis_TARD;Necrosis;0.3774207171917657;0.0002529745974747368;0.7625482625482626;0.7625482625482626
original_firstorder_Minimum_TARD;APHE_heterogeneous;-0.3771270960554162;0.0002557992271681285;0.276794035414725;0.723205964585275
original_glcm_Imc2_TARD;APHE_heterogeneous;0.37706110359755446;0.0002564381309476518;0.7232059645852749;0.7232059645852749
original_firstorder_Energy_PORT;Portal_thrombosis;0.3768459015329677;0.0002585320142396169;0.8068783068783069;0.8068783068783069
original_firstorder_TotalEnergy_PORT;Portal_thrombosis;0.3768459015329677;0.0002585320142396169;0.8068783068783069;0.8068783068783069
original_glszm_SmallAreaHighGrayLevelEmphasis_PORT;Late_enhancement;0.37657874362737964;0.0002611537253523371;0.7468571428571428;0.7468571428571428
original_glrlm_ShortRunHighGrayLevelEmphasis_TARD;Late_enhancement;0.37657874362737964;0.0002611537253523371;0.7468571428571429;0.7468571428571429
original_shape_Maximum3DDiameter_PORT;Necrosis;0.37650225420738026;0.0002619089195308701;0.761904761904762;0.761904761904762
original_shape_MajorAxisLength_ART;Necrosis;0.37649566641433485;0.0002619740577045825;0.7619047619047619;0.7619047619047619
original_glcm_JointEntropy_PORT;Late_enhancement;0.3757070335726866;0.0002698825112856094;0.7462857142857143;0.7462857142857143
original_glcm_SumEntropy_PORT;Late_enhancement;0.3757070335726866;0.0002698825112856094;0.7462857142857143;0.7462857142857143
original_glszm_HighGrayLevelZoneEmphasis_TARD;Late_enhancement;0.3757070335726866;0.0002698825112856094;0.7462857142857143;0.7462857142857143
original_shape_Maximum2DDiameterRow_PORT;Shape;0.3756386556596464;3.3856515747158735e-05;;
original_glrlm_RunLengthNonUniformity_TARD;Necrosis;0.3755706156369041;0.0002712730168762412;0.7612612612612613;0.7612612612612613
original_glszm_SizeZoneNonUniformity_ART;APHE_heterogeneous;0.3754867357328465;0.0002721313341062917;0.7222739981360671;0.7222739981360671
original_glrlm_RunVariance_PORT;Nonperiph_washout;0.3749606762726698;0.0002775726480157478;0.7308467741935485;0.7308467741935485
original_shape_Maximum2DDiameterRow_TARD;Necrosis;0.37467834540402056;0.00028053482728578017;0.7606177606177607;0.7606177606177607
original_firstorder_10Percentile_TARD;Nonperiph_washout;-0.3745841028554977;0.00028153018428071346;0.2694052419354839;0.7305947580645161
original_glrlm_LongRunHighGrayLevelEmphasis_PORT;Late_enhancement;0.3739636134633006;0.0002881666504142897;0.7451428571428571;0.7451428571428571
original_glcm_DifferenceAverage_PORT;Late_enhancement;0.3739636134633006;0.0002881666504142897;0.7451428571428572;0.7451428571428572
original_shape_Maximum3DDiameter_ART;Necrosis;0.3737244375814756;0.000290763679784055;0.7599742599742599;0.7599742599742599
original_shape_SurfaceVolumeRatio_PORT;Portal_thrombosis;-0.3735972299680283;0.00029215384643318886;0.19576719576719576;0.8042328042328042
original_glszm_ZoneEntropy_PORT;Portal_thrombosis;0.3735972299680283;0.00029215384643318886;0.8042328042328042;0.8042328042328042
original_glcm_MCC_PORT;Portal_thrombosis;0.3735972299680283;0.00029215384643318886;0.8042328042328043;0.8042328042328043
original_shape_SurfaceVolumeRatio_PORT;Satellite_nodule;-0.37265222507193463;0.00030267777415764907;0.20500000000000002;0.7949999999999999
original_glcm_DifferenceEntropy_PORT;Late_enhancement;0.37222019335391454;0.00030760636709643033;0.744;0.744
original_glcm_SumSquares_PORT;Late_enhancement;0.37222019335391454;0.00030760636709643033;0.744;0.744
original_firstorder_Minimum_TARD;Necrosis;-0.3719354965209808;0.0003108951394675089;0.24131274131274133;0.7586872586872586
original_shape_SurfaceVolumeRatio_ART;Satellite_nodule;-0.3715995351706015;0.0003148184523896931;0.20583333333333334;0.7941666666666667
original_ngtdm_Busyness_ART;Satellite_nodule;0.3715995351706015;0.0003148184523896931;0.7941666666666667;0.7941666666666667
original_glszm_ZoneVariance_PORT;APHE_heterogeneous;0.3715508160710766;0.0003153912207320674;0.7199440820130475;0.7199440820130475
original_firstorder_Uniformity_PORT;Late_enhancement;-0.37134848329922154;0.0003177804100223154;0.25657142857142856;0.7434285714285714
original_glcm_ClusterTendency_PORT;Late_enhancement;0.37134848329922154;0.0003177804100223154;0.7434285714285714;0.7434285714285714
original_glcm_Contrast_PORT;Late_enhancement;0.37134848329922154;0.0003177804100223154;0.7434285714285714;0.7434285714285714
original_gldm_DependenceNonUniformity_ART;Shape;0.3712625063241397;6.125539302686456e-05;;
original_glcm_MCC_PORT;APHE_heterogeneous;0.37076363213872265;0.0003247820704235007;0.7194780987884435;0.7194780987884435
original_glcm_ClusterProminence_PORT;Late_enhancement;0.37047677324452855;0.0003282687908423765;0.7428571428571429;0.7428571428571429
original_ngtdm_Busyness_PORT;Nonperiph_washout;0.3700485276752113;0.0003335392798157659;0.7278225806451614;0.7278225806451614
original_shape_MajorAxisLength_TARD;Necrosis;0.37002031097231924;0.0003338893131177489;0.7574002574002574;0.7574002574002574
original_gldm_DependenceEntropy_PORT;Shape;0.3697910249064421;0.0006133731409762387;;
original_firstorder_Entropy_PORT;Late_enhancement;0.36960506318983555;0.0003390804490764192;0.7422857142857142;0.7422857142857142
original_glcm_DifferenceVariance_PORT;Late_enhancement;0.36960506318983555;0.0003390804490764192;0.7422857142857143;0.7422857142857143
original_glrlm_LowGrayLevelRunEmphasis_TARD;Shape;-0.36897009316814766;0.0007706687445323147;;
original_shape_Flatness_ART;Shape;-0.3688616682215805;0.0009477056734742651;;
original_glrlm_ShortRunHighGrayLevelEmphasis_ART;Late_enhancement;0.36873335313514255;0.00035022455288971426;0.7417142857142857;0.7417142857142857
original_glrlm_ShortRunLowGrayLevelEmphasis_TARD;Shape;-0.36853639338187894;0.0005417516341936997;;
original_glszm_ZonePercentage_PORT;Nonperiph_washout;-0.36841114480939174;0.0003544297472241555;0.27318548387096775;0.7268145161290323
original_shape_SurfaceVolumeRatio_TARD;Portal_thrombosis;-0.368182777359796;0.0003574387531552996;0.20017636684303353;0.7998236331569665
original_firstorder_Minimum_PORT;Necrosis;-0.36773342215105914;0.0003634294056045223;0.24420849420849422;0.7557915057915058
original_glcm_Imc1_ART;Necrosis;-0.3672451586400269;0.0003700451240997836;0.24453024453024452;0.7554697554697555
original_firstorder_RobustMeanAbsoluteDeviation_PORT;Late_enhancement;0.3669899330257565;0.00037354794349560197;0.7405714285714285;0.7405714285714285
original_gldm_HighGrayLevelEmphasis_ART;Size_mm;0.3669840132560313;0.532200853121608;;
original_gldm_LargeDependenceEmphasis_PORT;Nonperiph_washout;0.36677376194357225;0.00037653898208648553;0.7258064516129031;0.7258064516129031
original_shape_VoxelVolume_ART;Shape;0.36633691589437306;4.2179298618305644e-05;;
original_glszm_SmallAreaLowGrayLevelEmphasis_PORT;Satellite_nodule;-0.3663360856639357;0.00038266353795199956;0.21;0.79
original_glrlm_HighGrayLevelRunEmphasis_ART;Late_enhancement;0.3661182229710635;0.000385746755682015;0.74;0.74
original_gldm_DependenceNonUniformityNormalized_ART;Size_mm;-0.36611576007170454;0.2852081853788491;;
original_glszm_SizeZoneNonUniformity_PORT;Satellite_nodule;0.3652833957626026;0.00039777754979361616;0.7891666666666668;0.7891666666666668
original_shape_SurfaceVolumeRatio_TARD;Satellite_nodule;-0.3652833957626026;0.00039777754979361616;0.21083333333333332;0.7891666666666667
original_glszm_LargeAreaHighGrayLevelEmphasis_TARD;Satellite_nodule;0.3652833957626026;0.00039777754979361616;0.7891666666666667;0.7891666666666667
original_gldm_GrayLevelVariance_PORT;Late_enhancement;0.3652465129163705;0.00039831707476366604;0.7394285714285714;0.7394285714285714
original_gldm_LargeDependenceEmphasis_PORT;Late_enhancement;-0.3652465129163705;0.0003983170747636773;0.26057142857142856;0.7394285714285714
original_firstorder_RootMeanSquared_TARD;Late_enhancement;0.3652465129163705;0.00039831707476366604;0.7394285714285714;0.7394285714285714
original_glrlm_LongRunEmphasis_PORT;Nonperiph_washout;0.3651363790777527;0.00039993219223656725;0.7247983870967741;0.7247983870967741
original_shape_Maximum2DDiameterColumn_TARD;Necrosis;0.3649555209401741;0.00040259776465254206;0.7538610038610039;0.7538610038610039
original_ngtdm_Coarseness_ART;Shape;-0.3648189666424324;3.3742219769088524e-05;;
original_shape_MeshVolume_ART;Shape;0.3647879880862704;4.472396158306965e-05;;
original_gldm_DependenceVariance_ART;Size_mm;0.3646033190409419;0.36623793372166114;;
original_glrlm_RunLengthNonUniformityNormalized_PORT;Late_enhancement;0.36437480286167745;0.00041126928955587534;0.7388571428571429;0.7388571428571429
original_glrlm_RunPercentage_PORT;Late_enhancement;0.36437480286167745;0.00041126928955587534;0.7388571428571429;0.7388571428571429
original_firstorder_Mean_TARD;Late_enhancement;0.36437480286167745;0.00041126928955587534;0.7388571428571429;0.7388571428571429
original_firstorder_Mean_TARD;Nonperiph_washout;-0.364317687644843;0.0004121315154353882;0.2757056451612903;0.7242943548387097
original_firstorder_Minimum_PORT;APHE_heterogeneous;-0.36409805239195275;0.000415462939711249;0.2844827586206896;0.7155172413793104
original_glcm_Idn_ART;Necrosis;0.36354495553030364;0.00042396405031550966;0.752895752895753;0.752895752895753
original_glrlm_RunPercentage_PORT;Nonperiph_washout;-0.36349899621193316;0.0004246777065396977;0.2762096774193548;0.7237903225806452
original_glszm_ZoneEntropy_ART;Satellite_nodule;0.3631780159599363;0.00042969324784704305;0.7875;0.7875
original_glcm_Idn_ART;Satellite_nodule;0.3631780159599363;0.00042969324784704305;0.7875;0.7875
original_firstorder_Maximum_TARD;Size_mm;0.3630981909721912;0.2715056385483829;;
original_glrlm_RunEntropy_ART;APHE_heterogeneous;0.3628917928151829;0.00043421227781059957;0.7148182665424044;0.7148182665424044
original_glrlm_RunVariance_PORT;Late_enhancement;-0.36263138275229145;0.00043836226829824037;0.2622857142857143;0.7377142857142858
original_glszm_LargeAreaLowGrayLevelEmphasis_TARD;Late_enhancement;-0.36263138275229145;0.00043836226829824037;0.2622857142857143;0.7377142857142858
original_shape_Maximum2DDiameterRow_TARD;Shape;0.36217875313080605;5.6939558232872496e-05;;
original_glszm_ZoneVariance_TARD;APHE_heterogeneous;0.3621046088828289;0.0004468705772217973;0.7143522833178007;0.7143522833178007
original_glszm_GrayLevelNonUniformity_TARD;Shape;0.3620928537001716;2.890647936650781e-05;;
original_glrlm_ShortRunEmphasis_PORT;Late_enhancement;0.36175967269759846;0.0004525251334769197;0.7371428571428572;0.7371428571428572
original_firstorder_Skewness_TARD;Late_enhancement;-0.36175967269759846;0.00045252513347693367;0.2628571428571429;0.7371428571428571
original_glszm_LargeAreaHighGrayLevelEmphasis_PORT;Necrosis;0.3616948539754421;0.00045359513481102817;0.7516087516087516;0.7516087516087516
original_ngtdm_Strength_PORT;Necrosis;-0.3616948539754421;0.00045359513481102817;0.24839124839124835;0.7516087516087516
original_gldm_LargeDependenceHighGrayLevelEmphasis_PORT;Shape;0.361178986293391;0.0008630683871291106;;
original_gldm_SmallDependenceEmphasis_PORT;Nonperiph_washout;-0.3610429219132039;0.00046448904490258393;0.2777217741935484;0.7222782258064516
original_glszm_ZoneVariance_ART;Nonperiph_washout;0.3610429219132039;0.00046448904490258393;0.7222782258064516;0.7222782258064516
original_glrlm_LongRunEmphasis_PORT;Late_enhancement;-0.3608879626429055;0.00046711410826038636;0.26342857142857146;0.7365714285714285
original_gldm_LowGrayLevelEmphasis_ART;Late_enhancement;-0.3608879626429055;0.00046711410826038636;0.26342857142857146;0.7365714285714285
original_gldm_SmallDependenceHighGrayLevelEmphasis_TARD;Late_enhancement;0.3608879626429055;0.00046711410826038636;0.7365714285714287;0.7365714285714287
original_glszm_SizeZoneNonUniformity_PORT;APHE_heterogeneous;0.359743057085767;0.00048694239328346496;0.7129543336439889;0.7129543336439889
original_glrlm_LongRunEmphasis_ART;Size_mm;0.35958985710563596;0.5488119452128246;;
original_glszm_SmallAreaHighGrayLevelEmphasis_ART;Late_enhancement;0.3591445425335194;0.0004976176626123584;0.7354285714285713;0.7354285714285713
original_gldm_HighGrayLevelEmphasis_ART;Late_enhancement;0.3591445425335194;0.0004976176626123584;0.7354285714285714;0.7354285714285714
original_glszm_ZoneVariance_TARD;Necrosis;0.3589197016431497;0.0005016840711931313;0.7496782496782497;0.7496782496782497
original_shape_MinorAxisLength_TARD;Shape;0.3587781481908318;4.952647930434733e-05;;
original_glcm_Idmn_ART;Shape;0.3586542339661836;0.0004524418129814931;;
original_glszm_LargeAreaEmphasis_ART;Nonperiph_washout;0.3585868476144746;0.0005077608881328516;0.7207661290322581;0.7207661290322581
original_gldm_SmallDependenceLowGrayLevelEmphasis_PORT;Portal_thrombosis;-0.3584367626649779;0.0005105233296655981;0.20811287477954146;0.7918871252204586
original_firstorder_10Percentile_delta_TARD_ART;Late_enhancement;0.3582853706801104;0.0005133240165105176;0.7348571428571429;0.7348571428571429
original_glrlm_GrayLevelNonUniformityNormalized_PORT;Late_enhancement;-0.35827283247882646;0.0005135566088774773;0.2651428571428572;0.7348571428571429
original_glszm_ZonePercentage_PORT;Late_enhancement;0.35827283247882646;0.0005135566088774773;0.7348571428571429;0.7348571428571429
original_gldm_SmallDependenceEmphasis_PORT;Late_enhancement;0.35827283247882646;0.0005135566088774773;0.7348571428571429;0.7348571428571429
original_gldm_SmallDependenceHighGrayLevelEmphasis_ART;Late_enhancement;0.35827283247882646;0.0005135566088774773;0.734857142857143;0.734857142857143
original_glszm_LargeAreaHighGrayLevelEmphasis_ART;Necrosis;0.35799465086571886;0.0005187424085564909;0.7490347490347491;0.7490347490347491
original_ngtdm_Contrast_PORT;Nonperiph_washout;-0.35776815618156493;0.0005230006747442979;0.27973790322580644;0.7202620967741935
original_firstorder_RootMeanSquared_TARD;Nonperiph_washout;-0.35776815618156493;0.0005230006747442979;0.2797379032258065;0.7202620967741935
original_gldm_DependenceEntropy_PORT;Portal_thrombosis;0.3573538721433315;0.0005308739249216231;0.7910052910052909;0.7910052910052909
original_glszm_SizeZoneNonUniformity_ART;Portal_thrombosis;0.3573538721433315;0.0005308739249216231;0.7910052910052909;0.7910052910052909
original_firstorder_Energy_PORT;Satellite_nodule;0.3568618765519374;0.0005403674748857722;0.7825;0.7825
original_firstorder_TotalEnergy_PORT;Satellite_nodule;0.3568618765519374;0.0005403674748857722;0.7825;0.7825
original_glcm_SumAverage_TARD;Shape;0.356594159981407;0.0015448919841370415;;
original_glszm_SmallAreaHighGrayLevelEmphasis_TARD;Late_enhancement;0.3565294123694404;0.0005468720066282774;0.7337142857142858;0.7337142857142858
original_glcm_Idmn_PORT;Necrosis;0.3561445493108573;0.0005544927650696884;0.7477477477477478;0.7477477477477478
original_gldm_DependenceNonUniformityNormalized_PORT;Nonperiph_washout;-0.3561307733157454;0.0005547673716151954;0.2807459677419355;0.7192540322580645
original_glcm_Correlation_PORT;Satellite_nodule;0.35580918665060424;0.0005612138892144775;0.7816666666666666;0.7816666666666666
original_gldm_SmallDependenceLowGrayLevelEmphasis_ART;Satellite_nodule;-0.35580918665060424;0.0005612138892144775;0.21833333333333332;0.7816666666666667
original_glcm_Correlation_TARD;Satellite_nodule;0.35580918665060424;0.0005612138892144775;0.7816666666666667;0.7816666666666667
original_gldm_DependenceVariance_PORT;Late_enhancement;-0.3556577023147474;0.0005642746512557287;0.26685714285714285;0.7331428571428571
original_firstorder_90Percentile_TARD;Late_enhancement;0.35523054915015617;0.0005729892680980549;0.7328571428571429;0.7328571428571429
original_glrlm_RunEntropy_TARD;Necrosis;0.3552194985334265;0.0005732163727961656;0.7471042471042472;0.7471042471042472
original_gldm_DependenceEntropy_PORT;Late_enhancement;0.3547859922600544;0.0005821919179632437;0.7325714285714287;0.7325714285714287
original_glrlm_LongRunLowGrayLevelEmphasis_ART;Late_enhancement;-0.3547859922600544;0.0005821919179632607;0.26742857142857146;0.7325714285714285
original_firstorder_Energy_TARD;Satellite_nodule;0.3547564967492711;0.0005828073383197011;0.7808333333333333;0.7808333333333333
original_firstorder_TotalEnergy_TARD;Satellite_nodule;0.3547564967492711;0.0005828073383197011;0.7808333333333333;0.7808333333333333
original_glrlm_LongRunLowGrayLevelEmphasis_PORT;Nonperiph_washout;0.35449339044992584;0.0005883238798178479;0.7182459677419355;0.7182459677419355
original_shape_MinorAxisLength_PORT;Shape;0.3543637039377391;7.330760276544042e-05;;
original_glszm_ZoneVariance_ART;Necrosis;0.3542944477559957;0.0005925273363953241;0.7464607464607464;0.7464607464607464
original_glcm_Imc1_ART;APHE_heterogeneous;-0.3542327695592891;0.0005938362003937589;0.29030754892823857;0.7096924510717615
original_glcm_Idmn_ART;Satellite_nodule;0.353703806847938;0.0006051722625380426;0.78;0.78
original_glrlm_LongRunHighGrayLevelEmphasis_TARD;Shape;0.3532639651939861;0.0007463204712927385;;
original_ngtdm_Complexity_PORT;Late_enhancement;0.3530425721506684;0.0006196262532207278;0.7314285714285714;0.7314285714285714
original_glszm_SmallAreaLowGrayLevelEmphasis_TARD;Portal_thrombosis;-0.3530223100567456;0.0006200741951807681;0.2125220458553792;0.7874779541446209
original_glszm_ZoneVariance_PORT;Necrosis;0.352444346201134;0.0006329790518772201;0.7451737451737451;0.7451737451737451
original_ngtdm_Contrast_PORT;APHE_heterogeneous;-0.35187121776222724;0.0006460222884942171;0.2917054986020503;0.7082945013979497
original_glcm_Idn_PORT;Necrosis;0.35151929542370325;0.0006541547423101163;0.7445302445302446;0.7445302445302446
original_glcm_Autocorrelation_ART;Size_mm;0.3506552517572416;0.5590597080195117;;
original_shape_Sphericity_ART;Late_enhancement;-0.35042744198658937;0.0006799959135872127;0.2702857142857143;0.7297142857142858
original_glcm_Autocorrelation_TARD;Shape;0.350321002358591;0.0018649784318958583;;
original_gldm_DependenceEntropy_TARD;Portal_thrombosis;0.3497736384918062;0.0006959206276250196;0.7848324514991182;0.7848324514991182
original_gldm_LargeDependenceHighGrayLevelEmphasis_TARD;Portal_thrombosis;0.3497736384918062;0.0006959206276250196;0.7848324514991182;0.7848324514991182
original_gldm_LargeDependenceLowGrayLevelEmphasis_PORT;Nonperiph_washout;0.3495812418524673;0.0007006724298370635;0.7152217741935484;0.7152217741935484
original_glszm_LargeAreaLowGrayLevelEmphasis_ART;Nonperiph_washout;0.3495812418524673;0.0007006724298370635;0.7152217741935484;0.7152217741935484
original_glcm_ClusterProminence_ART;Size_mm;0.3494579026078879;0.3976770575677585;;
original_glszm_ZonePercentage_ART;Size_mm;-0.34883472088687917;0.5878947287061298;;
original_gldm_DependenceEntropy_TARD;APHE_heterogeneous;0.3487224820328113;0.0007222519658844229;0.706430568499534;0.706430568499534
original_gldm_DependenceVariance_ART;Late_enhancement;-0.3486840218772033;0.0007232327164301875;0.27142857142857146;0.7285714285714285
original_glszm_SmallAreaLowGrayLevelEmphasis_TARD;Late_enhancement;-0.3486840218772033;0.0007232327164301875;0.27142857142857146;0.7285714285714285
original_glcm_Idmn_PORT;Shape;0.34847777826694876;0.0004377733723613683;;
original_glszm_SizeZoneNonUniformity_PORT;Shape;0.34843131043270564;0.0003358523230702146;;
original_firstorder_Range_PORT;Late_enhancement;0.347822049418207;0.0007455406261728447;0.728;0.728
original_glrlm_GrayLevelVariance_PORT;Late_enhancement;0.3478123118225104;0.0007457962473001513;0.728;0.728
original_glcm_Correlation_PORT;Shape;0.347455485913601;0.0011364156221908273;;
original_gldm_HighGrayLevelEmphasis_TARD;Shape;0.3473005931327907;0.002125509295787112;;
original_glrlm_GrayLevelNonUniformity_ART;Shape;0.34713021107389946;4.559713671856589e-05;;
original_glszm_LargeAreaLowGrayLevelEmphasis_ART;Late_enhancement;-0.3469406017678173;0.0007690120861536683;0.2725714285714286;0.7274285714285714
original_gldm_LargeDependenceLowGrayLevelEmphasis_ART;Late_enhancement;-0.3469406017678173;0.0007690120861536683;0.27257142857142863;0.7274285714285713
original_shape_Maximum3DDiameter_TARD;Necrosis;0.3469001113704364;0.0007701065837702244;0.7413127413127412;0.7413127413127412
original_glrlm_RunLengthNonUniformity_TARD;Shape;0.3468204255122789;0.00015533863107709443;;
original_glcm_JointEntropy_TARD;Size_mm;0.34673410834415325;0.4670713941746084;;
original_ngtdm_Busyness_TARD;APHE_heterogeneous;0.3463609302357494;0.0007848197328271431;0.7050326188257222;0.7050326188257222
original_ngtdm_Coarseness_TARD;Shape;-0.34634025789176703;5.4330030471984965e-05;;
original_glcm_Idmn_TARD;Satellite_nodule;0.346334977538606;0.0007855344681828748;0.7741666666666667;0.7741666666666667
original_glcm_JointEntropy_PORT;Size_mm;0.34622295929208985;0.601909420478775;;
original_glcm_Autocorrelation_ART;Late_enhancement;0.3460688917131243;0.0007928973849642257;0.7268571428571429;0.7268571428571429
original_glcm_MaximumProbability_ART;Late_enhancement;-0.3460688917131243;0.0007928973849642257;0.2731428571428572;0.7268571428571429
original_glcm_SumAverage_ART;Late_enhancement;0.3460688917131243;0.0007928973849642257;0.7268571428571429;0.7268571428571429
original_gldm_DependenceNonUniformity_PORT;Shape;0.34576715460276897;0.00019020371790842746;;
original_firstorder_Minimum_ART;APHE_heterogeneous;-0.3456269684394134;0.0008052676175321485;0.2954333643988816;0.7045666356011184
original_gldm_SmallDependenceLowGrayLevelEmphasis_ART;Shape;-0.34533345481650024;0.00037466564207631106;;
original_glszm_SmallAreaLowGrayLevelEmphasis_TARD;Satellite_nodule;-0.3452822876372728;0.0008150399118269051;0.22666666666666666;0.7733333333333333
original_glcm_JointEntropy_ART;Late_enhancement;0.34519718165843133;0.0008174696932935182;0.7262857142857143;0.7262857142857143
original_glrlm_RunEntropy_ART;Necrosis;0.3450439399816877;0.0008218617067473822;0.74002574002574;0.74002574002574
original_firstorder_Energy_ART;Portal_thrombosis;0.3443591858835739;0.00084175601422774;0.7804232804232805;0.7804232804232805
original_firstorder_TotalEnergy_ART;Portal_thrombosis;0.3443591858835739;0.00084175601422774;0.7804232804232805;0.7804232804232805
original_ngtdm_Complexity_ART;Late_enhancement;0.3443254716037383;0.0008427469659273429;0.7257142857142858;0.7257142857142858
original_glcm_SumEntropy_ART;Late_enhancement;0.3443254716037383;0.0008427469659273429;0.7257142857142858;0.7257142857142858
original_glcm_SumAverage_ART;Size_mm;0.34426938962735476;0.572975599590492;;
original_glszm_LargeAreaEmphasis_ART;Necrosis;0.3441188892042569;0.0008488426338919506;0.7393822393822393;0.7393822393822393
original_glcm_ClusterShade_TARD;Nonperiph_washout;0.3438504018220989;0.000856826057213006;0.7116935483870968;0.7116935483870968
original_glrlm_GrayLevelNonUniformity_TARD;Shape;0.34373805917415445;7.225607744330136e-05;;
original_glszm_LowGrayLevelZoneEmphasis_PORT;Shape;-0.3435831663933442;0.001888190675630045;;
original_glcm_JointEnergy_ART;Late_enhancement;-0.3434537615490453;0.0008687475706135521;0.2748571428571429;0.7251428571428571
original_glszm_LargeAreaEmphasis_TARD;Necrosis;0.3431938384268261;0.0008766431001848504;0.7387387387387387;0.7387387387387387
original_shape_Flatness_ART;Satellite_nodule;-0.3431769078346064;0.0008771596915104856;0.22833333333333333;0.7716666666666667
original_glrlm_RunLengthNonUniformityNormalized_PORT;Nonperiph_washout;-0.3430317103891892;0.0008816016027029094;0.28881048387096775;0.7111895161290323
original_shape_MeshVolume_PORT;Shape;0.3426228311523205;0.00015446518981305954;;
original_shape_VoxelVolume_PORT;Shape;0.3426228311523205;0.00015446518981305954;;
original_glcm_Idn_PORT;Satellite_nodule;0.34212421793327336;0.0009098396300594702;0.7708333333333334;0.7708333333333334
original_glszm_ZoneEntropy_PORT;Shape;0.3418948350825122;0.00041259913420089956;;
original_glrlm_LowGrayLevelRunEmphasis_PORT;Shape;-0.3416624959112969;0.0022336411247682866;;
original_ngtdm_Busyness_ART;Nonperiph_washout;0.3413943275233697;0.0009331570201180405;0.7101814516129034;0.7101814516129034
original_firstorder_Energy_TARD;Shape;0.3413527103496763;0.0008568560966082368;;
original_firstorder_TotalEnergy_TARD;Shape;0.3413527103496763;0.0008568560966082368;;
original_glcm_Imc2_PORT;Portal_thrombosis;0.3411105143186346;0.0009423724051516177;0.7777777777777778;0.7777777777777778
original_gldm_SmallDependenceLowGrayLevelEmphasis_ART;Portal_thrombosis;-0.3411105143186346;0.0009423724051516177;0.22222222222222224;0.7777777777777778
original_glszm_ZoneEntropy_TARD;Shape;0.34053177861138184;0.00039276231393033697;;
original_glszm_LargeAreaEmphasis_PORT;Late_enhancement;-0.3399669213302733;0.0009803655604421117;0.27714285714285714;0.7228571428571429
original_firstorder_Entropy_ART;Late_enhancement;0.3399669213302733;0.0009803655604420816;0.722857142857143;0.722857142857143
original_firstorder_RobustMeanAbsoluteDeviation_ART;Late_enhancement;0.3399669213302733;0.0009803655604420816;0.7228571428571428;0.7228571428571428
original_glrlm_ShortRunEmphasis_PORT;Nonperiph_washout;-0.3397569446575502;0.000987493811483626;0.2908266129032258;0.7091733870967742
original_gldm_DependenceNonUniformityNormalized_ART;Nonperiph_washout;-0.3397569446575502;0.000987493811483626;0.29082661290322587;0.7091733870967741
original_glcm_SumAverage_PORT;Shape;0.33954046481419614;0.0035998698565232246;;
original_glszm_LargeAreaEmphasis_PORT;Necrosis;0.3394936353171029;0.0009965004091649062;0.7361647361647361;0.7361647361647361
original_glszm_SizeZoneNonUniformity_TARD;Necrosis;0.3394936353171029;0.0009965004091649062;0.7361647361647361;0.7361647361647361
original_gldm_HighGrayLevelEmphasis_PORT;Shape;0.3391997006964135;0.003613880031400438;;
original_glcm_Autocorrelation_PORT;Shape;0.3385956188512535;0.003699390497516757;;
original_firstorder_Minimum_PORT;Satellite_nodule;-0.33846349276194426;0.0010324725691866056;0.2320833333333333;0.7679166666666667
original_gldm_DependenceNonUniformity_TARD;Shape;0.3382393654553898;0.00017269599650930628;;
original_firstorder_Uniformity_ART;Late_enhancement;-0.3382235012208872;0.0010410237962218188;0.27828571428571425;0.7217142857142858
original_glcm_MCC_PORT;Satellite_nodule;0.3379134583279408;0.0010521680766392484;0.7675000000000001;0.7675000000000001
original_firstorder_Energy_ART;Satellite_nodule;0.3379134583279408;0.0010521680766392484;0.7675000000000001;0.7675000000000001
original_firstorder_TotalEnergy_ART;Satellite_nodule;0.3379134583279408;0.0010521680766392484;0.7675000000000001;0.7675000000000001
original_glcm_Correlation_TARD;Portal_thrombosis;0.3378618427536952;0.0010540340457847828;0.7751322751322752;0.7751322751322752
original_gldm_DependenceNonUniformityNormalized_TARD;Nonperiph_washout;-0.33730087035882084;0.0010745123216168997;0.2923387096774194;0.7076612903225806
original_glszm_LargeAreaEmphasis_PORT;APHE_heterogeneous;0.3369147230475017;0.0010888218021963254;0.6994408201304753;0.6994408201304753
original_ngtdm_Busyness_PORT;APHE_heterogeneous;0.3369147230475017;0.0010888218021963254;0.6994408201304753;0.6994408201304753
original_glcm_MCC_TARD;Portal_thrombosis;0.33677895223204873;0.0010938948044090552;0.7742504409171076;0.7742504409171076
original_firstorder_Range_ART;Late_enhancement;0.33649774488059053;0.001104471558451481;0.7205714285714285;0.7205714285714285
original_ngtdm_Strength_PORT;Nonperiph_washout;-0.33648217892591115;0.001105059777390522;0.2928427419354839;0.7071572580645161
original_glszm_LargeAreaLowGrayLevelEmphasis_TARD;Nonperiph_washout;0.33648217892591115;0.001105059777390522;0.7071572580645161;0.7071572580645161
original_gldm_LargeDependenceLowGrayLevelEmphasis_TARD;Shape;-0.33641163064182866;0.004230189268501539;;
original_gldm_LowGrayLevelEmphasis_PORT;Shape;-0.33627222713909943;0.0032035595797604757;;
original_firstorder_Maximum_ART;Size_mm;0.3362288078784824;0.3111542625281579;;
original_glrlm_ShortRunLowGrayLevelEmphasis_PORT;Shape;-0.3361328236363701;0.002091924320089187;;
original_glszm_LargeAreaLowGrayLevelEmphasis_ART;Size_mm;0.33583192924740557;0.5229689681150156;;
original_glcm_SumSquares_ART;Late_enhancement;0.3356083710568082;0.001138548316121429;0.7200000000000001;0.7200000000000001
original_glcm_Imc2_ART;APHE_heterogeneous;0.3353403551827937;0.0011490064671075986;0.6985088536812675;0.6985088536812675
original_glszm_SizeZoneNonUniformity_TARD;APHE_heterogeneous;0.3353403551827937;0.0011490064671075986;0.6985088536812675;0.6985088536812675
original_firstorder_Maximum_PORT;Size_mm;0.334943857413411;0.33620496353624996;;
original_shape_Flatness_PORT;Shape;-0.33490917066796894;0.004003492253865379;;
original_glszm_ZoneVariance_TARD;Nonperiph_washout;0.3348447960600916;0.0011685777099267483;0.7061491935483871;0.7061491935483871
original_glrlm_GrayLevelNonUniformityNormalized_ART;Late_enhancement;-0.33473666100211524;0.0011728890568138903;0.2805714285714285;0.7194285714285715
original_glcm_ClusterTendency_ART;Late_enhancement;0.33473666100211524;0.001172889056813855;0.7194285714285715;0.7194285714285715
original_glcm_Correlation_ART;Portal_thrombosis;0.3346131711887558;0.0011778305729910872;0.7724867724867726;0.7724867724867726
original_glszm_LargeAreaEmphasis_TARD;APHE_heterogeneous;0.33455317125043976;0.001180238442846271;0.6980428704566636;0.6980428704566636
original_shape_VoxelVolume_TARD;Shape;0.334336067378971;0.0001232842789291395;;
original_glcm_Id_PORT;Nonperiph_washout;0.3340261046271819;0.0012015865680764378;0.7056451612903226;0.7056451612903226
original_gldm_DependenceVariance_ART;Nonperiph_washout;0.3340261046271819;0.0012015865680764378;0.7056451612903226;0.7056451612903226
original_glcm_DifferenceEntropy_ART;Late_enhancement;0.3338649509474222;0.0012081847458472233;0.7188571428571429;0.7188571428571429
original_shape_MeshVolume_TARD;Shape;0.3333912214160283;0.0001254759564905133;;
original_ngtdm_Busyness_TARD;Nonperiph_washout;0.3332074131942721;0.0012354549355003514;0.7051411290322581;0.7051411290322581
original_glrlm_GrayLevelNonUniformity_PORT;Shape;0.33320535007905605;0.00014259555484272238;;
original_glszm_LowGrayLevelZoneEmphasis_TARD;Shape;-0.3330194787420837;0.0016750244257963654;;
original_firstorder_Median_delta_TARD_ART;Nonperiph_washout;-0.3328108788934527;0.0012521740909553613;0.2951108870967742;0.7048891129032258
original_firstorder_10Percentile_TARD;Late_enhancement;0.332586483800136;0.001261727621818839;0.718;0.718
original_glrlm_HighGrayLevelRunEmphasis_TARD;Shape;0.3324153968969236;0.0034640115844627433;;
original_glcm_MaximumProbability_PORT;Nonperiph_washout;0.3323887217613624;0.0012702030034162498;0.7046370967741936;0.7046370967741936
original_glszm_GrayLevelNonUniformityNormalized_PORT;Late_enhancement;-0.3321215308380362;0.0012817373482415413;0.2822857142857143;0.7177142857142857
original_glszm_GrayLevelVariance_PORT;Late_enhancement;0.3321215308380362;0.0012817373482415413;0.7177142857142857;0.7177142857142857
original_glcm_DifferenceAverage_ART;Late_enhancement;0.3321215308380362;0.0012817373482415413;0.7177142857142857;0.7177142857142857
original_glcm_Correlation_PORT;Necrosis;0.3320932290976566;0.0012829647502068586;0.731016731016731;0.731016731016731
original_glcm_Idmn_TARD;Necrosis;0.3320932290976566;0.0012829647502068586;0.731016731016731;0.731016731016731
original_glcm_Idm_PORT;Nonperiph_washout;0.3315700303284526;0.0013058513752059666;0.7041330645161291;0.7041330645161291
original_glszm_ZoneVariance_ART;APHE_heterogeneous;0.3314044355210239;0.0013131732250206212;0.6961789375582479;0.6961789375582479
original_glrlm_ShortRunLowGrayLevelEmphasis_TARD;Portal_thrombosis;-0.3313644996238164;0.001314944669713227;0.23015873015873017;0.7698412698412698
original_glcm_Idmn_TARD;Shape;0.3313621259874138;0.0007468019994206163;;
original_shape_Flatness_TARD;Shape;-0.3313001688750897;0.0035832423117583678;;
original_gldm_DependenceNonUniformityNormalized_ART;Late_enhancement;0.33124982078334314;0.001320043767561176;0.7171428571428571;0.7171428571428571
original_gldm_GrayLevelVariance_ART;Late_enhancement;0.33124982078334314;0.001320043767561176;0.7171428571428572;0.7171428571428572
original_glszm_ZoneEntropy_ART;Shape;0.33116076537236044;0.0014918475837527982;;
original_glrlm_RunEntropy_PORT;APHE_heterogeneous;0.3306172515886699;0.0013484998225195674;0.695712954333644;0.695712954333644
original_gldm_SmallDependenceLowGrayLevelEmphasis_ART;APHE_heterogeneous;-0.3306172515886699;0.0013484998225196103;0.304287045666356;0.695712954333644
original_firstorder_Energy_PORT;Shape;0.33043276930255217;0.001179395659528454;;
original_firstorder_TotalEnergy_PORT;Shape;0.33043276930255217;0.001179395659528454;;
original_glszm_LowGrayLevelZoneEmphasis_TARD;Portal_thrombosis;-0.33028160910217;0.0013638274339222926;0.2310405643738977;0.7689594356261023
original_glcm_Idmn_TARD;Portal_thrombosis;0.33028160910217;0.0013638274339222926;0.7689594356261023;0.7689594356261023
original_glszm_ZonePercentage_ART;Nonperiph_washout;-0.32993264746263307;0.0013799335453077376;0.296875;0.703125
original_glrlm_RunVariance_PORT;Size_mm;0.32976816104073664;0.7179864066782875;;
original_glrlm_HighGrayLevelRunEmphasis_PORT;Shape;0.3295963482861767;0.004555695203534074;;
original_glrlm_GrayLevelVariance_ART;Late_enhancement;0.32950640067395714;0.0013998446531621382;0.716;0.716
original_ngtdm_Complexity_TARD;Late_enhancement;0.32950640067395714;0.0013998446531621382;0.7160000000000001;0.7160000000000001
original_ngtdm_Coarseness_PORT;Shape;-0.32945694478344745;0.00011573769779516953;;
original_firstorder_Median_delta_TARD_ART;Late_enhancement;0.3286473417612784;0.0014407808825959492;0.7154285714285714;0.7154285714285714
original_glcm_ClusterProminence_ART;Late_enhancement;0.32863469061926415;0.0014413919013718905;0.7154285714285714;0.7154285714285714
original_glcm_Contrast_ART;Late_enhancement;0.32863469061926415;0.0014413919013718905;0.7154285714285714;0.7154285714285714
original_glcm_MCC_TARD;Satellite_nodule;0.3284392492159424;0.0014508616333606477;0.76;0.76
original_glcm_Imc2_ART;Necrosis;0.3283930259879333;0.0014531096583852408;0.7284427284427284;0.7284427284427284
original_glrlm_RunVariance_ART;Nonperiph_washout;0.3282952645968136;0.001457874774244881;0.702116935483871;0.702116935483871
original_gldm_GrayLevelNonUniformity_ART;Shape;0.3272264887397795;0.00011733518817380405;;
original_shape_LeastAxisLength_ART;Shape;0.3272109994616985;5.9779653269239354e-05;;
original_glcm_MCC_ART;Portal_thrombosis;0.32703293753723056;0.0015207107696699508;0.7663139329805997;0.7663139329805997
original_glcm_DifferenceVariance_ART;Late_enhancement;0.32689127050987815;0.0015279162216223106;0.7142857142857143;0.7142857142857143
original_glcm_Idm_ART;Late_enhancement;-0.32689127050987815;0.0015279162216223106;0.2857142857142857;0.7142857142857143
original_glszm_LargeAreaEmphasis_TARD;Nonperiph_washout;0.326657881730994;0.0015398554239542737;0.701108870967742;0.701108870967742
original_glszm_ZonePercentage_TARD;Size_mm;-0.326638248352075;0.6139031039037499;;
original_glszm_SmallAreaLowGrayLevelEmphasis_TARD;Shape;-0.3265294712261333;0.0009595011852639622;;
original_shape_Flatness_PORT;Satellite_nodule;-0.32633386941327613;0.0015565730248836471;0.24166666666666667;0.7583333333333333
original_glszm_LargeAreaHighGrayLevelEmphasis_PORT;Satellite_nodule;0.32633386941327613;0.0015565730248835988;0.7583333333333333;0.7583333333333333
original_gldm_DependenceNonUniformityNormalized_PORT;Late_enhancement;0.32601956045518515;0.001572949522684459;0.7137142857142857;0.7137142857142857
original_glcm_Id_ART;Late_enhancement;-0.32601956045518515;0.0015729495226844126;0.28628571428571425;0.7137142857142857
original_glcm_ClusterShade_TARD;Late_enhancement;-0.32601956045518515;0.0015729495226844126;0.2862857142857143;0.7137142857142857
original_glrlm_RunEntropy_PORT;Portal_thrombosis;0.3259500470155841;0.001576592750246044;0.7654320987654322;0.7654320987654322
original_glcm_Idn_PORT;Portal_thrombosis;0.3259500470155841;0.001576592750246044;0.7654320987654322;0.7654320987654322
original_glcm_Imc2_TARD;Portal_thrombosis;0.3259500470155841;0.001576592750246044;0.7654320987654322;0.7654320987654322
original_glcm_Idn_TARD;Necrosis;0.32561787365564093;0.0015941095962176484;0.7265122265122265;0.7265122265122265
original_glrlm_ShortRunLowGrayLevelEmphasis_PORT;Satellite_nodule;-0.32528117951194296;0.0016120475252830552;0.2425;0.7575000000000001
original_glszm_SizeZoneNonUniformity_ART;Satellite_nodule;0.32528117951194296;0.0016120475252830552;0.7575000000000001;0.7575000000000001
original_glcm_ClusterShade_PORT;Nonperiph_washout;0.32502049886517453;0.001626063115449226;0.7001008064516129;0.7001008064516129
original_glszm_SizeZoneNonUniformity_PORT;Necrosis;0.32469282287821016;0.0016438398065404835;0.7258687258687258;0.7258687258687258
original_glszm_ZoneVariance_PORT;Late_enhancement;-0.3242761403457991;0.0016667034563228058;0.2874285714285714;0.7125714285714286
original_glszm_SizeZoneNonUniformity_TARD;Satellite_nodule;0.3242284896106098;0.0016693366427425577;0.7566666666666666;0.7566666666666666
original_glcm_DifferenceAverage_PORT;Nonperiph_washout;-0.3242018074322648;0.0016708127747958172;0.30040322580645157;0.6995967741935485
original_gldm_LargeDependenceEmphasis_ART;Size_mm;0.3238584377538677;0.6358040803348056;;
original_glszm_SmallAreaLowGrayLevelEmphasis_PORT;Portal_thrombosis;-0.32378426597229126;0.0016940693061256867;0.236331569664903;0.763668430335097
original_glrlm_RunEntropy_ART;Portal_thrombosis;0.32378426597229126;0.0016940693061256867;0.763668430335097;0.763668430335097
original_glcm_Correlation_TARD;Necrosis;0.32376777210077934;0.001694994078311527;0.7252252252252251;0.7252252252252251
original_glrlm_LongRunLowGrayLevelEmphasis_TARD;Shape;-0.32312183004830736;0.006820773723229402;;
original_glcm_JointEnergy_PORT;Nonperiph_washout;0.3217457331335355;0.0018119477859255585;0.6980846774193549;0.6980846774193549
original_glrlm_RunVariance_TARD;Nonperiph_washout;0.3217457331335355;0.0018119477859255585;0.6980846774193549;0.6980846774193549
original_glcm_ClusterProminence_TARD;Late_enhancement;0.3216610101817201;0.0018170062810750648;0.7108571428571429;0.7108571428571429
original_gldm_DependenceVariance_TARD;Nonperiph_washout;0.32092704170062575;0.0018613751239903056;0.6975806451612904;0.6975806451612904
original_glszm_LargeAreaEmphasis_ART;Late_enhancement;-0.32078930012702705;0.0018698117929964535;0.28971428571428576;0.7102857142857142
original_gldm_DependenceEntropy_ART;Late_enhancement;0.32078930012702705;0.0018698117929963993;0.7102857142857143;0.7102857142857143
original_gldm_LargeDependenceLowGrayLevelEmphasis_TARD;Size_mm;-0.32037842297475166;0.46412585514947224;;
original_glrlm_LongRunEmphasis_ART;Nonperiph_washout;0.32010835026771595;0.0019120383906345044;0.6970766129032259;0.6970766129032259
original_glszm_LargeAreaHighGrayLevelEmphasis_ART;Satellite_nodule;0.3200177300052772;0.0019177234280989477;0.7533333333333333;0.7533333333333333
original_firstorder_Range_TARD;Late_enhancement;0.3199276663403246;0.0019233889234145675;0.7097142857142857;0.7097142857142857
original_glszm_SmallAreaLowGrayLevelEmphasis_ART;Shape;-0.31926499980613154;0.002447739583505742;;
original_glszm_HighGrayLevelZoneEmphasis_PORT;Shape;0.3190016820787541;0.0051389945431799975;;
original_gldm_DependenceEntropy_PORT;Satellite_nodule;0.31896504010394405;0.001984910732029544;0.7525;0.7525
original_gldm_LargeDependenceHighGrayLevelEmphasis_PORT;Satellite_nodule;0.31896504010394405;0.001984910732029544;0.7525;0.7525
original_gldm_DependenceEntropy_TARD;Late_enhancement;0.318174169962948;0.0020368014982556975;0.7085714285714285;0.7085714285714285
original_glcm_SumEntropy_TARD;Late_enhancement;0.318174169962948;0.0020368014982556975;0.7085714285714286;0.7085714285714286
original_glszm_SmallAreaLowGrayLevelEmphasis_PORT;APHE_heterogeneous;-0.3180223086710063;0.0020469067911471697;0.31174277726001864;0.6882572227399814
original_firstorder_90Percentile_TARD;Nonperiph_washout;-0.31766005749067655;0.002071198046283427;0.3044354838709677;0.6955645161290323
original_glrlm_RunPercentage_ART;Late_enhancement;0.317302459908255;0.0020954363488670056;0.708;0.708
original_glszm_GrayLevelVariance_TARD;Late_enhancement;0.317302459908255;0.0020954363488670056;0.708;0.708
original_glrlm_LongRunEmphasis_ART;Late_enhancement;-0.31643074985356207;0.0021556156877436594;0.29257142857142854;0.7074285714285715
original_glrlm_RunVariance_ART;Late_enhancement;-0.31643074985356207;0.0021556156877436594;0.2925714285714286;0.7074285714285714
original_glszm_ZoneVariance_ART;Late_enhancement;-0.31643074985356207;0.0021556156877436594;0.2925714285714286;0.7074285714285714
original_glrlm_RunEntropy_PORT;Necrosis;0.316367365881333;0.002160052668329407;0.7200772200772201;0.7200772200772201
original_gldm_LargeDependenceHighGrayLevelEmphasis_PORT;Portal_thrombosis;0.316204032320766;0.0021715248964400747;0.7574955908289243;0.7574955908289243
original_glrlm_LowGrayLevelRunEmphasis_TARD;Portal_thrombosis;-0.316204032320766;0.0021715248964400747;0.24250440917107588;0.7574955908289241
original_glcm_Contrast_PORT;Nonperiph_washout;-0.31601489310316716;0.002184879437961431;0.30544354838709675;0.6945564516129032
original_glrlm_RunPercentage_ART;Nonperiph_washout;-0.31601489310316716;0.002184879437961431;0.30544354838709675;0.6945564516129032
original_glrlm_RunLengthNonUniformityNormalized_ART;Late_enhancement;0.315559039798869;0.002217375786359322;0.7068571428571429;0.7068571428571429
original_glszm_ZonePercentage_ART;Late_enhancement;0.315559039798869;0.002217375786359322;0.7068571428571429;0.7068571428571429
original_gldm_LargeDependenceEmphasis_ART;Late_enhancement;-0.315559039798869;0.002217375786359255;0.29314285714285715;0.7068571428571429
original_firstorder_Minimum_ART;Necrosis;-0.31549089667000735;0.002222271373704495;0.2805662805662806;0.7194337194337195
original_glrlm_RunPercentage_ART;Size_mm;-0.31475578340205523;0.6545134690520329;;
original_ngtdm_Strength_ART;Necrosis;-0.31451726432647137;0.002293310080441069;0.2812097812097812;0.7187902187902189
original_glcm_Imc1_TARD;Necrosis;-0.31451726432647137;0.002293310080441069;0.2812097812097812;0.7187902187902189
original_glszm_SizeZoneNonUniformity_ART;Shape;0.31447881287909424;0.0014524258450853377;;
original_gldm_LargeDependenceEmphasis_ART;Nonperiph_washout;0.31437751023734767;0.0023036759076909205;0.6935483870967742;0.6935483870967742
original_glcm_SumEntropy_PORT;Shape;0.3142929415421219;0.0070993667811250355;;
original_glrlm_GrayLevelVariance_ART;Size_mm;0.3139995628866739;0.4509943810178464;;
original_glcm_Idn_ART;Shape;0.3139521774243393;0.001575455816959472;;
original_glrlm_ShortRunHighGrayLevelEmphasis_PORT;Shape;0.31373532753120487;0.007945353510077928;;
original_gldm_SmallDependenceHighGrayLevelEmphasis_TARD;Size_mm;0.31368447100526503;0.4862099620968422;;
original_firstorder_Maximum_ART;Late_enhancement;0.3133907317749384;0.0023780971009195176;0.7054285714285714;0.7054285714285714
original_glrlm_ShortRunHighGrayLevelEmphasis_ART;Size_mm;0.31335537504023797;0.6592451173266286;;
original_shape_Sphericity_ART;APHE_heterogeneous;-0.3132992050768824;0.002385110263598563;0.3145386766076421;0.6854613233923579
original_firstorder_Energy_TARD;Late_enhancement;0.31294390963479;0.002412514280924006;0.7051428571428572;0.7051428571428572
original_firstorder_TotalEnergy_TARD;Late_enhancement;0.31294390963479;0.002412514280924006;0.7051428571428572;0.7051428571428572
original_glcm_ClusterTendency_TARD;Late_enhancement;0.31294390963479;0.002412514280924006;0.7051428571428573;0.7051428571428573
original_shape_LeastAxisLength_PORT;Shape;0.3128369494025053;0.00022592309501674932;;
original_glcm_SumAverage_PORT;Nonperiph_washout;-0.3119214359386183;0.002492993858021374;0.3079637096774194;0.6920362903225806
original_glszm_SizeZoneNonUniformity_ART;Necrosis;0.311742111994179;0.002507359155237006;0.7168597168597168;0.7168597168597168
original_glszm_SizeZoneNonUniformity_TARD;Shape;0.31170623210259035;0.0010159886191408445;;
original_gldm_SmallDependenceEmphasis_ART;Nonperiph_washout;-0.31110274450570863;0.002559196133865433;0.3084677419354839;0.6915322580645161
original_glcm_Imc1_PORT;APHE_heterogeneous;-0.3109376532798205;0.00257273923930373;0.3159366262814539;0.6840633737185461
original_glcm_ClusterTendency_ART;Size_mm;0.3108556461143941;0.45323410014717924;;
original_firstorder_Energy_ART;Necrosis;0.3108170612167482;0.0025826732828512036;0.7162162162162162;0.7162162162162162
original_firstorder_TotalEnergy_ART;Necrosis;0.3108170612167482;0.0025826732828512036;0.7162162162162162;0.7162162162162162
original_glcm_MCC_TARD;Necrosis;0.3108170612167482;0.0025826732828512036;0.7162162162162162;0.7162162162162162
original_glszm_GrayLevelVariance_ART;Late_enhancement;0.31032877947071097;0.0026232561437865487;0.7034285714285714;0.7034285714285714
original_glcm_JointEnergy_TARD;Late_enhancement;-0.31032877947071097;0.0026232561437866298;0.2965714285714286;0.7034285714285714
original_firstorder_Range_PORT;Shape;0.3102899053682079;0.0055198775958881065;;
original_gldm_GrayLevelNonUniformity_TARD;Shape;0.3100488793479204;0.00033443331949397926;;
original_firstorder_Median_delta_ART_PORT;Nonperiph_washout;0.3099018206137834;0.0026592190838571244;0.6907762096774194;0.6907762096774194
original_glcm_ClusterShade_PORT;Necrosis;0.3098920104393174;0.002660050669890267;0.7155727155727155;0.7155727155727155
original_glszm_LargeAreaHighGrayLevelEmphasis_ART;Portal_thrombosis;0.30970668919088723;0.0026758046488985117;0.7522045855379189;0.7522045855379189
original_glcm_ClusterProminence_PORT;Shape;0.30961517956165163;0.008798687337847137;;
original_glrlm_LongRunHighGrayLevelEmphasis_ART;Late_enhancement;0.3094570694160179;0.0026971593663460127;0.7028571428571428;0.7028571428571428
original_firstorder_Entropy_TARD;Late_enhancement;0.3094570694160179;0.0026971593663460127;0.702857142857143;0.702857142857143
original_glszm_LargeAreaLowGrayLevelEmphasis_ART;Necrosis;0.30896695966188653;0.0027395414458775817;0.7149292149292149;0.7149292149292149
original_glcm_Autocorrelation_PORT;Nonperiph_washout;-0.30864667020697933;0.0027675661628903158;0.30997983870967744;0.6900201612903225
original_ngtdm_Strength_ART;Nonperiph_washout;-0.30864667020697933;0.0027675661628903158;0.30997983870967744;0.6900201612903225
original_gldm_LowGrayLevelEmphasis_TARD;Portal_thrombosis;-0.3086237986692408;0.0027695773618182126;0.2486772486772487;0.7513227513227513
original_firstorder_Energy_ART;Shape;0.3085928872083039;0.002159224903582378;;
original_firstorder_TotalEnergy_ART;Shape;0.3085928872083039;0.002159224903582378;;
original_gldm_SmallDependenceLowGrayLevelEmphasis_TARD;Late_enhancement;-0.308585359361325;0.002772960513459431;0.2977142857142857;0.7022857142857143
original_glcm_JointEntropy_TARD;Late_enhancement;0.308585359361325;0.002772960513459431;0.7022857142857143;0.7022857142857143
original_glcm_MaximumProbability_TARD;Late_enhancement;-0.308585359361325;0.002772960513459431;0.29771428571428576;0.7022857142857142
original_glszm_LargeAreaEmphasis_ART;APHE_heterogeneous;0.3085761014827585;0.0027737758892406247;0.6826654240447345;0.6826654240447345
original_gldm_DependenceEntropy_TARD;Shape;0.3085154408178987;0.004944879949029617;;
original_glszm_LowGrayLevelZoneEmphasis_PORT;Satellite_nodule;-0.30843814109061257;0.0027859525491699512;0.25583333333333336;0.7441666666666666
original_firstorder_Energy_TARD;Necrosis;0.30804190888445576;0.00282119676489325;0.7142857142857143;0.7142857142857143
original_firstorder_TotalEnergy_TARD;Necrosis;0.30804190888445576;0.00282119676489325;0.7142857142857143;0.7142857142857143
original_glrlm_RunLengthNonUniformityNormalized_ART;Nonperiph_washout;-0.3078279787740696;0.0028403943047626418;0.310483870967742;0.689516129032258
original_gldm_LargeDependenceHighGrayLevelEmphasis_PORT;APHE_heterogeneous;0.3077889175504046;0.002843912409517885;0.6821994408201304;0.6821994408201304
original_glszm_GrayLevelNonUniformityNormalized_TARD;Late_enhancement;-0.307713649306632;0.0028507027729516993;0.2982857142857143;0.7017142857142857
original_gldm_HighGrayLevelEmphasis_PORT;Nonperiph_washout;-0.3070092873411598;0.0029149682984570408;0.31098790322580644;0.6890120967741935
original_glrlm_ShortRunEmphasis_ART;Late_enhancement;0.3068419392519389;0.0029304301577590224;0.7011428571428573;0.7011428571428573
original_glszm_GrayLevelNonUniformityNormalized_ART;Late_enhancement;-0.3068419392519389;0.0029304301577590224;0.2988571428571429;0.7011428571428571
original_firstorder_Variance_TARD;Late_enhancement;0.3068419392519389;0.0029304301577590224;0.7011428571428571;0.7011428571428571
original_glrlm_RunEntropy_TARD;Portal_thrombosis;0.3064580176259479;0.002966185194992022;0.7495590828924162;0.7495590828924162
original_shape_LeastAxisLength_TARD;Shape;0.30636243116463596;0.00015230934361321386;;
original_gldm_SmallDependenceHighGrayLevelEmphasis_PORT;Nonperiph_washout;-0.3061905959082501;0.00299132518498981;0.31149193548387094;0.688508064516129
original_gldm_LargeDependenceLowGrayLevelEmphasis_PORT;Shape;-0.3060216670468534;0.012063791794332139;;
original_firstorder_Maximum_PORT;Late_enhancement;0.3059745121851196;0.0030117807812516722;0.7005714285714286;0.7005714285714286
original_ngtdm_Busyness_PORT;Late_enhancement;-0.305970229197246;0.0030121875174764457;0.29942857142857143;0.7005714285714286
original_glrlm_GrayLevelVariance_TARD;Late_enhancement;0.305970229197246;0.0030121875174764457;0.7005714285714285;0.7005714285714285
original_gldm_GrayLevelVariance_TARD;Late_enhancement;0.305970229197246;0.0030121875174764457;0.7005714285714286;0.7005714285714286
original_glszm_LargeAreaHighGrayLevelEmphasis_TARD;Shape;0.3056654136509897;0.00036855853238155616;;
original_glrlm_LongRunLowGrayLevelEmphasis_PORT;Shape;-0.3055724779825036;0.012333215164285094;;
original_firstorder_Median_TARD;nonrim_APHE;-0.3055082692327822;0.0030563531003323036;0.30851619644723094;0.6914838035527691
original_glrlm_HighGrayLevelRunEmphasis_TARD;Portal_thrombosis;0.3053751271043014;0.0030691913133397528;0.7486772486772487;0.7486772486772487
original_glrlm_LongRunHighGrayLevelEmphasis_TARD;Portal_thrombosis;0.3053751271043014;0.0030691913133397528;0.7486772486772487;0.7486772486772487
original_glcm_DifferenceEntropy_PORT;Nonperiph_washout;-0.30537190447534024;0.003069502663606148;0.3119959677419355;0.6880040322580645
original_ngtdm_Strength_ART;Satellite_nodule;-0.30528007138661317;0.003078387116671782;0.2583333333333333;0.7416666666666667
original_glcm_ClusterTendency_PORT;Shape;0.3046276320195609;0.010127818575401288;;
original_gldm_LargeDependenceLowGrayLevelEmphasis_TARD;Nonperiph_washout;0.30455321304243055;0.0031495391002863493;0.6875;0.6875
original_glcm_Correlation_ART;Shape;0.30451920707299374;0.00289939866423569;;
original_glcm_Imc2_TARD;Necrosis;0.3043417057747326;0.003170523278597279;0.7117117117117118;0.7117117117117118
original_glcm_DifferenceVariance_PORT;Nonperiph_washout;-0.30373452160952075;0.003231473536283408;0.3130040322580645;0.6869959677419355
original_glcm_MaximumProbability_ART;Nonperiph_washout;0.30373452160952075;0.003231473536283408;0.6869959677419355;0.6869959677419355
original_glszm_ZonePercentage_PORT;Size_mm;-0.3034124756713352;0.7923116942815605;;
original_gldm_DependenceEntropy_PORT;APHE_heterogeneous;0.30306581395628074;0.0032998335672062475;0.679403541472507;0.679403541472507
original_glrlm_ShortRunHighGrayLevelEmphasis_TARD;Shape;0.30269147225943255;0.009659790853835658;;
original_gldm_DependenceEntropy_ART;APHE_heterogeneous;0.3022786300239268;0.00338199156282326;0.678937558247903;0.678937558247903
original_glcm_SumSquares_TARD;Late_enhancement;0.3016116789237809;0.003453053707454893;0.6977142857142857;0.6977142857142857
original_firstorder_Range_PORT;Portal_thrombosis;0.30159345366250895;0.003455014505558891;0.7455908289241623;0.7455908289241623
original_glcm_Imc2_PORT;Satellite_nodule;0.30106931178128055;0.0035118407492478365;0.7383333333333334;0.7383333333333334
original_firstorder_Skewness_delta_TARD_ART;Shape;-0.30035259126919744;0.009515473385457102;;
original_gldm_HighGrayLevelEmphasis_TARD;Portal_thrombosis;0.2999606744960691;0.003634848047240852;0.744268077601411;0.744268077601411
original_gldm_SmallDependenceEmphasis_ART;Late_enhancement;0.2998682588143949;0.0036452767789742417;0.6965714285714286;0.6965714285714286
original_firstorder_MeanAbsoluteDeviation_TARD;Late_enhancement;0.2998682588143949;0.0036452767789742417;0.6965714285714286;0.6965714285714286
original_firstorder_Energy_PORT;Necrosis;0.29971645188757856;0.0036624666404087734;0.7084942084942084;0.7084942084942084
original_firstorder_TotalEnergy_PORT;Necrosis;0.29971645188757856;0.0036624666404087734;0.7084942084942084;0.7084942084942084
original_glrlm_ShortRunEmphasis_ART;Nonperiph_washout;-0.299641064444972;0.003671030500991047;0.3155241935483871;0.6844758064516129
original_glcm_Id_ART;Nonperiph_washout;0.299641064444972;0.003671030500991047;0.684475806451613;0.684475806451613
original_firstorder_Uniformity_TARD;Late_enhancement;-0.29899654875970194;0.003744992772385732;0.304;0.696
original_glcm_Idm_ART;Nonperiph_washout;0.29882237301206216;0.0037652116976089767;0.6839717741935485;0.6839717741935485
original_glrlm_LongRunLowGrayLevelEmphasis_TARD;Nonperiph_washout;0.29882237301206216;0.0037652116976089767;0.6839717741935484;0.6839717741935484
original_ngtdm_Contrast_ART;Necrosis;-0.2987914011101478;0.003768817395527401;0.29214929214929214;0.7078507078507079
original_glszm_HighGrayLevelZoneEmphasis_TARD;Shape;0.2983234958405829;0.007808519901459349;;
original_glcm_MCC_PORT;Shape;0.2981221352255295;0.006240540678499484;;
original_glcm_DifferenceAverage_ART;Nonperiph_washout;-0.29800368157915247;0.003861583813103517;0.3165322580645161;0.6834677419354839
original_glrlm_LowGrayLevelRunEmphasis_PORT;Satellite_nodule;-0.2979112420772811;0.003872604941295633;0.26416666666666666;0.7358333333333333
original_glrlm_ShortRunLowGrayLevelEmphasis_PORT;Portal_thrombosis;-0.29671200293112976;0.004018197548139256;0.2583774250440917;0.7416225749559082
original_glszm_HighGrayLevelZoneEmphasis_TARD;Portal_thrombosis;0.29671200293112976;0.004018197548139256;0.7416225749559083;0.7416225749559083
original_glcm_Imc1_PORT;Necrosis;-0.29601624877785543;0.004104925523156499;0.294079794079794;0.705920205920206
original_firstorder_Maximum_TARD;Late_enhancement;0.295948670548512;0.004113439235459865;0.694;0.694
original_glrlm_LongRunHighGrayLevelEmphasis_PORT;Portal_thrombosis;0.29562911240948336;0.004153915589095983;0.7407407407407407;0.7407407407407407
original_glszm_LowGrayLevelZoneEmphasis_PORT;Portal_thrombosis;-0.29562911240948336;0.004153915589095983;0.25925925925925924;0.7407407407407407
original_glrlm_GrayLevelNonUniformityNormalized_TARD;Late_enhancement;-0.29550970854092984;0.004169132206034929;0.3062857142857143;0.6937142857142857
original_firstorder_Skewness_delta_TARD_ART;Late_enhancement;-0.29550970854092984;0.004169132206034929;0.3062857142857143;0.6937142857142857
original_glcm_MCC_TARD;Shape;0.29547346867367386;0.006205291140150223;;
original_gldm_DependenceVariance_PORT;nonrim_APHE;0.2950688574343728;0.0042257525275169955;0.6849529780564263;0.6849529780564263
original_glcm_SumSquares_PORT;Shape;0.29449764415456914;0.012857955300567579;;
original_gldm_DependenceNonUniformityNormalized_PORT;nonrim_APHE;-0.294235329588513;0.004334715638430192;0.31556948798328105;0.6844305120167189
original_glrlm_ShortRunHighGrayLevelEmphasis_PORT;Nonperiph_washout;-0.2939102244146036;0.004377901113674137;0.31905241935483875;0.6809475806451613
original_ngtdm_Strength_TARD;Necrosis;-0.293241096445563;0.004468014651176469;0.296010296010296;0.7039897039897041
original_firstorder_RobustMeanAbsoluteDeviation_PORT;Nonperiph_washout;-0.29309153298169394;0.004488385248001941;0.31955645161290325;0.6804435483870968
original_glrlm_HighGrayLevelRunEmphasis_PORT;Nonperiph_washout;-0.29309153298169394;0.004488385248001941;0.3195564516129032;0.6804435483870968
original_firstorder_Mean_delta_TARD_ART;Nonperiph_washout;-0.29309153298169394;0.004488385248001941;0.31955645161290325;0.6804435483870968
original_firstorder_Median_delta_TARD_ART;nonrim_APHE;-0.29299631659042924;0.004501397554021735;0.3163531870428422;0.6836468129571578
original_ngtdm_Strength_PORT;APHE_heterogeneous;-0.292832422835679;0.004523875401046297;0.3266542404473439;0.6733457595526561
original_gldm_LargeDependenceHighGrayLevelEmphasis_ART;Shape;0.2926544200629269;0.003917258386394112;;
original_glcm_SumAverage_TARD;Portal_thrombosis;0.2923804408445439;0.004586392080253513;0.7380952380952381;0.7380952380952381
original_firstorder_Entropy_PORT;Shape;0.2922981666670633;0.012403736985938467;;
original_ngtdm_Complexity_PORT;Shape;0.2918334883246325;0.010724029391896617;;
original_glcm_Correlation_ART;Satellite_nodule;0.2915951026692822;0.004696880977362799;0.7308333333333333;0.7308333333333333
original_glcm_Idn_TARD;Satellite_nodule;0.2915951026692822;0.004696880977362799;0.7308333333333333;0.7308333333333333
original_glcm_DifferenceEntropy_ART;Nonperiph_washout;-0.2914541501158744;0.00471696469359701;0.32056451612903225;0.6794354838709677
original_glcm_Autocorrelation_TARD;Portal_thrombosis;0.29129755032289745;0.004739369052286172;0.7372134038800705;0.7372134038800705
original_gldm_LargeDependenceHighGrayLevelEmphasis_ART;Late_enhancement;0.29115115826746474;0.004760400074679475;0.6908571428571428;0.6908571428571428
original_firstorder_Mean_delta_TARD_ART;Late_enhancement;0.29115115826746474;0.004760400074679475;0.6908571428571428;0.6908571428571428
original_gldm_SmallDependenceEmphasis_ART;Size_mm;-0.29112389229638846;0.6827702772209945;;
original_glcm_SumEntropy_ART;Size_mm;0.29078079224774317;0.5217519638514071;;
original_gldm_GrayLevelNonUniformity_PORT;Shape;0.29056336752198825;0.0008461016930493382;;
original_glcm_JointEntropy_PORT;Nonperiph_washout;-0.28981676725005484;0.004956031195040904;0.3215725806451613;0.6784274193548387
original_glcm_Imc2_TARD;Satellite_nodule;0.2894897228666159;0.005005074402905177;0.7291666666666667;0.7291666666666667
original_gldm_SmallDependenceLowGrayLevelEmphasis_PORT;Late_enhancement;-0.2894077381580788;0.005017437330583266;0.3102857142857143;0.6897142857142857
original_glrlm_ShortRunLowGrayLevelEmphasis_ART;Shape;-0.28850329353721166;0.004962687649392668;;
original_glrlm_GrayLevelNonUniformityNormalized_ART;Size_mm;-0.2880569979840085;0.5186611477286373;;
original_glcm_JointEnergy_PORT;Size_mm;-0.2880079836913449;0.6766974820905766;;
original_glszm_SmallAreaEmphasis_TARD;Late_enhancement;0.28766431804869275;0.005286958915938841;0.6885714285714285;0.6885714285714285
original_glszm_SmallAreaLowGrayLevelEmphasis_ART;Satellite_nodule;-0.2873843430639496;0.005331439690573228;0.2725;0.7275
original_firstorder_Uniformity_PORT;Nonperiph_washout;0.2873606929513256;0.005335212517684734;0.6769153225806452;0.6769153225806452
original_glcm_Contrast_ART;Nonperiph_washout;-0.2873606929513256;0.005335212517684734;0.32308467741935487;0.6769153225806451
original_firstorder_Median_delta_ART_PORT;Late_enhancement;-0.2872535947893704;0.005352327745732203;0.3117142857142857;0.6882857142857143
original_gldm_DependenceVariance_TARD;Size_mm;0.28696467946179105;0.4674851232742397;;
original_glrlm_LongRunLowGrayLevelEmphasis_ART;Nonperiph_washout;0.28654200151841586;0.005467311357289464;0.6764112903225807;0.6764112903225807
original_glcm_Imc2_PORT;APHE_heterogeneous;0.2865349513768472;0.005468461633053349;0.6696178937558248;0.6696178937558248
original_ngtdm_Busyness_TARD;Satellite_nodule;0.2863316531626165;0.005501725154324255;0.7266666666666667;0.7266666666666667
original_gldm_SmallDependenceEmphasis_TARD;Late_enhancement;0.28592089793930675;0.005569490463171585;0.6874285714285715;0.6874285714285715
original_firstorder_Minimum_ART;Satellite_nodule;-0.28584932535489266;0.005581375073483588;0.27375;0.7262500000000001
original_glcm_MCC_PORT;Necrosis;0.2858406902261166;0.0055828104803602105;0.6988416988416989;0.6988416988416989
original_gldm_LowGrayLevelEmphasis_PORT;Satellite_nodule;-0.28527896326128327;0.005676904330622974;0.27416666666666667;0.7258333333333333
original_glcm_MCC_ART;Shape;0.28517309874979085;0.004738850020998889;;
original_glszm_SmallAreaLowGrayLevelEmphasis_TARD;APHE_heterogeneous;-0.28496058351213926;0.005730868436632826;0.33131407269338303;0.668685927306617
original_glcm_JointEnergy_ART;Nonperiph_washout;0.2849046186525963;0.005740401923261542;0.6754032258064516;0.6754032258064516
original_firstorder_Uniformity_TARD;Portal_thrombosis;-0.2848002071930187;0.005758226417478864;0.26807760141093473;0.7319223985890653
original_glszm_SmallAreaEmphasis_PORT;Nonperiph_washout;-0.2840859272196865;0.0058815084766410545;0.32510080645161293;0.674899193548387
original_firstorder_RobustMeanAbsoluteDeviation_ART;Nonperiph_washout;-0.2840859272196865;0.0058815084766410545;0.3251008064516129;0.6748991935483871
original_glcm_JointEnergy_TARD;Size_mm;-0.2836597157279022;0.54287281520779;;
original_glcm_JointEnergy_PORT;nonrim_APHE;0.2833994675923354;0.00600222553093014;0.6776384535005224;0.6776384535005224
original_firstorder_Mean_TARD;nonrim_APHE;-0.2833994675923354;0.006002225530929947;0.32236154649947757;0.6776384535005224
original_glrlm_ShortRunEmphasis_TARD;Late_enhancement;0.2833057677752277;0.006018875083133815;0.6857142857142857;0.6857142857142857
original_glrlm_ShortRunLowGrayLevelEmphasis_TARD;Satellite_nodule;-0.283173583458617;0.006042433713472257;0.2758333333333333;0.7241666666666666
original_ngtdm_Contrast_TARD;Necrosis;-0.2830655378938242;0.0060617518649828655;0.30308880308880315;0.6969111969111969
original_glrlm_LongRunHighGrayLevelEmphasis_PORT;Shape;0.2826793249787454;0.011472769460755018;;
original_glcm_ClusterProminence_PORT;Portal_thrombosis;0.2826344261497258;0.00613938814384056;0.7301587301587301;0.7301587301587301
original_glcm_SumEntropy_TARD;Portal_thrombosis;0.2826344261497258;0.00613938814384056;0.7301587301587302;0.7301587301587302
original_glrlm_ShortRunLowGrayLevelEmphasis_PORT;APHE_heterogeneous;-0.28259903171507733;0.00614580171691578;0.33271202236719477;0.6672879776328052
original_glszm_LargeAreaLowGrayLevelEmphasis_PORT;nonrim_APHE;0.28256593974647565;0.006151803533578813;0.677115987460815;0.677115987460815
original_gldm_GrayLevelVariance_ART;Size_mm;0.2824833727039757;0.49764678225415687;;
original_ngtdm_Strength_PORT;Late_enhancement;0.2824340577205347;0.0061757751515286756;0.6851428571428572;0.6851428571428572
original_glcm_DifferenceEntropy_TARD;Late_enhancement;0.2824340577205347;0.0061757751515286756;0.685142857142857;0.685142857142857
original_glcm_Imc2_PORT;Necrosis;0.28214048711639345;0.006229438460199101;0.6962676962676962;0.6962676962676962
original_gldm_DependenceEntropy_TARD;Satellite_nodule;0.28212089355728387;0.006233034969733925;0.7233333333333334;0.7233333333333334
original_glcm_SumSquares_ART;Size_mm;0.2819582195682942;0.4992648157751914;;
original_glcm_Imc2_PORT;Shape;0.2818119254062079;0.012069291679961345;;
original_gldm_DependenceNonUniformityNormalized_ART;nonrim_APHE;-0.2817324119006158;0.006304730030175129;0.3234064785788924;0.6765935214211076
original_glcm_DifferenceVariance_TARD;Late_enhancement;0.2815623476658417;0.006336348656887141;0.6845714285714285;0.6845714285714285
original_glrlm_LowGrayLevelRunEmphasis_PORT;Portal_thrombosis;-0.28155153562807933;0.006338363665615652;0.2707231040564374;0.7292768959435626
original_glcm_Idn_TARD;Portal_thrombosis;0.28155153562807933;0.006338363665615652;0.7292768959435627;0.7292768959435627
original_ngtdm_Contrast_PORT;Necrosis;-0.2812154363389627;0.006401289839611606;0.30437580437580436;0.6956241956241956
original_ngtdm_Contrast_ART;Satellite_nodule;-0.2810682036559507;0.006429032097844207;0.2775;0.7224999999999999
original_glcm_JointEntropy_PORT;Shape;0.2809445258336704;0.020592726718239536;;
original_glcm_Contrast_TARD;Late_enhancement;0.2806906376111487;0.00650066986630377;0.6839999999999999;0.6839999999999999
original_glcm_ClusterTendency_PORT;Portal_thrombosis;0.2804686451064329;0.006543124197613561;0.7283950617283951;0.7283950617283951
original_firstorder_Entropy_TARD;Portal_thrombosis;0.2804686451064329;0.006543124197613561;0.7283950617283951;0.7283950617283951
original_gldm_GrayLevelVariance_PORT;Shape;0.2804024011008345;0.018278817853355268;;
original_glrlm_RunEntropy_PORT;Satellite_nodule;0.2800155137546176;0.006630556860454191;0.7216666666666667;0.7216666666666667
original_gldm_SmallDependenceHighGrayLevelEmphasis_ART;Nonperiph_washout;-0.2799924700551378;0.006635031131191292;0.3276209677419355;0.6723790322580645
original_glszm_ZonePercentage_TARD;Nonperiph_washout;-0.2799924700551378;0.006635031131191292;0.3276209677419355;0.6723790322580645
original_firstorder_Energy_ART;Late_enhancement;0.2798189275564557;0.006668814238618406;0.6834285714285715;0.6834285714285715
original_firstorder_TotalEnergy_ART;Late_enhancement;0.2798189275564557;0.006668814238618406;0.6834285714285715;0.6834285714285715
original_firstorder_RobustMeanAbsoluteDeviation_TARD;Late_enhancement;0.2798189275564557;0.006668814238618406;0.6834285714285715;0.6834285714285715
original_ngtdm_Busyness_TARD;Late_enhancement;-0.2798189275564557;0.006668814238618406;0.31657142857142856;0.6834285714285715
original_firstorder_RootMeanSquared_delta_TARD_ART;Late_enhancement;0.2798189275564557;0.006668814238618406;0.6834285714285714;0.6834285714285714
original_shape_Elongation_PORT;Shape;-0.2796434264748641;0.017774187286751744;;
original_ngtdm_Contrast_TARD;APHE_heterogeneous;-0.2794502959856614;0.006741088484495663;0.33457595526561046;0.6654240447343895
original_firstorder_InterquartileRange_TARD;Late_enhancement;0.2794280568703017;0.006745471140070037;0.6831428571428572;0.6831428571428572
original_glrlm_LongRunHighGrayLevelEmphasis_ART;Portal_thrombosis;0.2793857545847864;0.006753814707773517;0.7275132275132276;0.7275132275132276
original_ngtdm_Busyness_ART;Portal_thrombosis;0.2793857545847864;0.006753814707773517;0.7275132275132276;0.7275132275132276
original_gldm_DependenceEntropy_ART;Shape;0.2792871730790005;0.01439927613526704;;
original_firstorder_RootMeanSquared_TARD;nonrim_APHE;-0.2792318283630364;0.006784252962227822;0.32497387669801464;0.6750261233019854
original_ngtdm_Contrast_ART;Nonperiph_washout;-0.279173778622228;0.00679576402677884;0.328125;0.671875
original_glcm_Id_TARD;Late_enhancement;-0.2789472175017627;0.006840858435829071;0.3171428571428571;0.6828571428571428
original_shape_Sphericity_PORT;APHE_heterogeneous;-0.27866311205330746;0.006897786273689394;0.33504193849021435;0.6649580615097856
original_gldm_SmallDependenceHighGrayLevelEmphasis_PORT;Size_mm;0.2785622292908873;0.6295853191675844;;
original_glcm_SumEntropy_PORT;Portal_thrombosis;0.27830286406314;0.00697058303622592;0.7266313932980599;0.7266313932980599
original_glrlm_GrayLevelNonUniformityNormalized_TARD;Portal_thrombosis;-0.27830286406314;0.00697058303622592;0.2733686067019401;0.7266313932980599
original_firstorder_Entropy_ART;Size_mm;0.278296151702142;0.5271383416128541;;
original_firstorder_Uniformity_PORT;Shape;-0.27824939144757166;0.019467268649848053;;
original_glcm_DifferenceAverage_TARD;Late_enhancement;0.2780755074470697;0.0070168803344245285;0.6822857142857143;0.6822857142857143
original_firstorder_10Percentile_delta_TARD_ART;Shape;0.2780500165574834;0.017930418064887876;;
original_firstorder_Range_TARD;Portal_thrombosis;0.277770167300618;0.007079492077401616;0.7261904761904762;0.7261904761904762
original_firstorder_RootMeanSquared_delta_TARD_ART;Nonperiph_washout;-0.2775363957564085;0.007127766820382524;0.329133064516129;0.670866935483871
original_glszm_SmallAreaHighGrayLevelEmphasis_PORT;Shape;0.27752139537776344;0.01746988585808398;;
original_gldm_SmallDependenceLowGrayLevelEmphasis_PORT;Necrosis;-0.27751523322923943;0.007132151519154518;0.3069498069498069;0.6930501930501931
original_firstorder_Kurtosis_delta_ART_PORT;Portal_thrombosis;0.2772199735414935;0.007193579928721305;0.7257495590828925;0.7257495590828925
original_glszm_SmallAreaEmphasis_PORT;Late_enhancement;0.27720379739237666;0.0071969590366278285;0.6817142857142857;0.6817142857142857
original_gldm_SmallDependenceLowGrayLevelEmphasis_ART;Late_enhancement;-0.27720379739237666;0.0071969590366278285;0.3182857142857143;0.6817142857142857
original_glcm_Idm_TARD;Late_enhancement;-0.27720379739237666;0.0071969590366278285;0.3182857142857143;0.6817142857142857
original_ngtdm_Busyness_PORT;Satellite_nodule;0.2768574440506181;0.0072696529809799055;0.7191666666666667;0.7191666666666667
original_firstorder_InterquartileRange_TARD;Portal_thrombosis;0.2767230771547454;0.007298031335539113;0.7253086419753086;0.7253086419753086
original_gldm_LargeDependenceLowGrayLevelEmphasis_ART;Nonperiph_washout;0.2767177043234987;0.007299168144106632;0.6703629032258065;0.6703629032258065
original_glcm_DifferenceVariance_ART;Nonperiph_washout;-0.2767177043234987;0.007299168144106401;0.3296370967741935;0.6703629032258065
original_firstorder_Range_TARD;APHE_heterogeneous;0.27631026277418685;0.007385840790857781;0.6635601118359739;0.6635601118359739
original_firstorder_Entropy_PORT;Portal_thrombosis;0.276137083019847;0.007422959069719353;0.7248677248677249;0.7248677248677249
original_glrlm_ShortRunHighGrayLevelEmphasis_TARD;Portal_thrombosis;0.276137083019847;0.007422959069719353;0.7248677248677249;0.7248677248677249
original_glcm_ClusterTendency_TARD;Portal_thrombosis;0.276137083019847;0.007422959069719353;0.7248677248677249;0.7248677248677249
original_glrlm_LongRunEmphasis_TARD;Size_mm;0.2760134860723798;0.6466345209803559;;
original_glszm_SizeZoneNonUniformityNormalized_PORT;Nonperiph_washout;-0.27589901289058893;0.007474258643604694;0.3301411290322581;0.6698588709677419
original_glcm_MaximumProbability_PORT;nonrim_APHE;0.27589771697959714;0.007474538755617263;0.6729362591431558;0.6729362591431558
original_glcm_Correlation_TARD;Shape;0.2752909393340955;0.009183989852481369;;
original_glcm_JointEnergy_PORT;Shape;-0.27524447149985243;0.024899062588565744;;
original_glrlm_LongRunHighGrayLevelEmphasis_PORT;APHE_heterogeneous;0.2747271923915376;0.007731426618224775;0.6626281453867661;0.6626281453867661
original_gldm_SmallDependenceHighGrayLevelEmphasis_PORT;Shape;0.27460941109853026;0.026588586120897335;;
original_gldm_LargeDependenceEmphasis_TARD;Late_enhancement;-0.2745886672282976;0.007762345606557005;0.32;0.6799999999999999
original_firstorder_Minimum_TARD;Satellite_nodule;-0.27427371371795783;0.007833056310564012;0.2829166666666667;0.7170833333333333
original_gldm_LowGrayLevelEmphasis_PORT;Portal_thrombosis;-0.2739713019765541;0.007901493724592453;0.27689594356261027;0.7231040564373897
original_glcm_ClusterTendency_PORT;Nonperiph_washout;-0.27344293859185964;0.008022351482409118;0.3316532258064516;0.6683467741935484
original_glcm_SumSquares_PORT;Nonperiph_washout;-0.27344293859185964;0.008022351482409118;0.3316532258064516;0.6683467741935484
original_firstorder_RobustMeanAbsoluteDeviation_PORT;Portal_thrombosis;0.27288841145490766;0.008150971593502695;0.7222222222222222;0.7222222222222222
original_glrlm_GrayLevelNonUniformityNormalized_PORT;Portal_thrombosis;-0.27288841145490766;0.008150971593502695;0.2777777777777778;0.7222222222222222
original_glrlm_RunEntropy_PORT;Late_enhancement;0.2728452471189116;0.008161060377124482;0.6788571428571428;0.6788571428571428
original_glszm_SizeZoneNonUniformityNormalized_PORT;Late_enhancement;0.2728452471189116;0.008161060377124482;0.6788571428571428;0.6788571428571428
original_glrlm_RunEntropy_ART;Late_enhancement;0.2728452471189116;0.008161060377124482;0.6788571428571428;0.6788571428571428
original_glrlm_LongRunEmphasis_TARD;Late_enhancement;-0.2728452471189116;0.008161060377124229;0.3211428571428572;0.6788571428571428
original_glszm_ZonePercentage_TARD;Late_enhancement;0.2728452471189116;0.008161060377124482;0.6788571428571428;0.6788571428571428
original_glrlm_LongRunEmphasis_PORT;Size_mm;0.2726244978367819;0.7955493179146974;;
original_glcm_JointEntropy_ART;Nonperiph_washout;-0.2726242471589499;0.008212889920241563;0.3321572580645162;0.6678427419354838
original_firstorder_Minimum_PORT;Shape;-0.27239802053313833;0.0008897321492499347;;
original_glcm_Idn_TARD;Shape;0.2721001480494039;0.006605753670337403;;
original_glrlm_RunPercentage_TARD;Late_enhancement;0.2719735370642186;0.008367211080409772;0.6782857142857144;0.6782857142857144
original_gldm_DependenceVariance_TARD;Late_enhancement;-0.2719735370642186;0.008367211080409772;0.32171428571428573;0.6782857142857143
original_glcm_SumSquares_PORT;Portal_thrombosis;0.2718055209332612;0.008407476484364624;0.7213403880070547;0.7213403880070547
original_glszm_LowGrayLevelZoneEmphasis_TARD;Satellite_nodule;-0.2715939945439524;0.00845841560463326;0.28500000000000003;0.715
original_gldm_LargeDependenceHighGrayLevelEmphasis_TARD;APHE_heterogeneous;0.27157845666212166;0.0084621682477106;0.6607642124883504;0.6607642124883504
original_glcm_SumEntropy_PORT;Nonperiph_washout;-0.2709868642931304;0.00860615923856318;0.33316532258064513;0.6668346774193549
original_firstorder_Uniformity_PORT;Portal_thrombosis;-0.27072263041161476;0.00867117725782798;0.2795414462081129;0.7204585537918871
original_glrlm_GrayLevelVariance_PORT;Portal_thrombosis;0.27072263041161476;0.00867117725782798;0.7204585537918872;0.7204585537918872
original_glrlm_LongRunHighGrayLevelEmphasis_PORT;Satellite_nodule;0.2705413046426192;0.008716048357681357;0.7141666666666666;0.7141666666666666
original_glcm_Idn_PORT;Shape;0.2702724132358427;0.004684821992327748;;
original_ngtdm_Contrast_PORT;Late_enhancement;0.27023011695483257;0.008793539075659242;0.6771428571428572;0.6771428571428572
original_firstorder_Skewness_delta_ART_PORT;Late_enhancement;0.27023011695483257;0.008793539075659242;0.6771428571428572;0.6771428571428572
original_firstorder_Uniformity_ART;Nonperiph_washout;0.2701681728602206;0.00880903740515023;0.6663306451612903;0.6663306451612903
original_shape_SurfaceVolumeRatio_ART;Shape;-0.2701330097331135;0.0004724090079496834;;
original_glcm_MaximumProbability_PORT;Shape;-0.26973028850300673;0.029098752644112835;;
original_gldm_GrayLevelVariance_PORT;Portal_thrombosis;0.26963973988996826;0.008942245903147754;0.7195767195767195;0.7195767195767195
original_gldm_LargeDependenceHighGrayLevelEmphasis_ART;Portal_thrombosis;0.26963973988996826;0.008942245903147754;0.7195767195767195;0.7195767195767195
original_gldm_LargeDependenceHighGrayLevelEmphasis_TARD;Satellite_nodule;0.2694886147412861;0.008980671241898885;0.7133333333333334;0.7133333333333334
original_firstorder_Entropy_PORT;Nonperiph_washout;-0.26934948142731086;0.009016177811683691;0.3341733870967742;0.6658266129032258
original_glrlm_LongRunEmphasis_TARD;Nonperiph_washout;0.26934948142731086;0.009016177811683412;0.6658266129032258;0.6658266129032258
original_firstorder_Range_TARD;Shape;0.2692663461881063;0.013776326377345056;;
original_glrlm_HighGrayLevelRunEmphasis_PORT;Portal_thrombosis;0.2685568493683218;0.00922085756810895;0.718694885361552;0.718694885361552
original_firstorder_MeanAbsoluteDeviation_TARD;Portal_thrombosis;0.2685568493683218;0.00922085756810895;0.718694885361552;0.718694885361552
original_glszm_GrayLevelNonUniformityNormalized_TARD;Portal_thrombosis;-0.2685568493683218;0.00922085756810895;0.281305114638448;0.718694885361552
original_firstorder_RobustMeanAbsoluteDeviation_PORT;Shape;0.26853761409076765;0.024463100911772763;;
original_gldm_LowGrayLevelEmphasis_PORT;Nonperiph_washout;0.2685307899944011;0.00922765667861412;0.6653225806451613;0.6653225806451613
original_glcm_Imc1_TARD;Satellite_nodule;-0.2684359248399529;0.009252445603533575;0.2875;0.7125
original_glrlm_RunVariance_PORT;nonrim_APHE;0.26839596636685886;0.009262904805727551;0.668234064785789;0.668234064785789
original_glszm_ZoneVariance_PORT;nonrim_APHE;0.26839596636685886;0.009262904805727551;0.668234064785789;0.668234064785789
original_ngtdm_Contrast_PORT;nonrim_APHE;-0.26839596636685886;0.009262904805727551;0.3317659352142111;0.668234064785789
original_firstorder_10Percentile_TARD;Necrosis;-0.26782563208509613;0.00941334508502014;0.3137065637065637;0.6862934362934363
original_firstorder_Energy_PORT;Late_enhancement;0.2676149867907536;0.009469456932372501;0.6754285714285714;0.6754285714285714
original_firstorder_TotalEnergy_PORT;Late_enhancement;0.2676149867907536;0.009469456932372501;0.6754285714285714;0.6754285714285714
original_glszm_GrayLevelNonUniformityNormalized_PORT;Portal_thrombosis;-0.26747395884667535;0.009507190588377838;0.2821869488536155;0.7178130511463845
original_glcm_SumAverage_PORT;Portal_thrombosis;0.26747395884667535;0.009507190588377838;0.7178130511463845;0.7178130511463845
original_firstorder_RobustMeanAbsoluteDeviation_TARD;Portal_thrombosis;0.26747395884667535;0.009507190588377838;0.7178130511463845;0.7178130511463845
original_glcm_SumSquares_TARD;Portal_thrombosis;0.26747395884667535;0.009507190588377838;0.7178130511463845;0.7178130511463845
original_shape_Flatness_TARD;Satellite_nodule;-0.26738323493861976;0.009531535639310385;0.28833333333333333;0.7116666666666667
original_firstorder_Skewness_delta_ART_PORT;Shape;0.2670816219511511;0.008395714965908567;;
original_gldm_GrayLevelVariance_PORT;Nonperiph_washout;-0.26689340712858156;0.009663939902630694;0.33568548387096775;0.6643145161290323
original_glcm_JointEntropy_PORT;nonrim_APHE;-0.26672891067513926;0.009708770931567185;0.3328108672936259;0.6671891327063741
original_glcm_Autocorrelation_PORT;Portal_thrombosis;0.2663910683250289;0.0098014265162427;0.716931216931217;0.716931216931217
original_glrlm_GrayLevelVariance_TARD;Portal_thrombosis;0.2663910683250289;0.0098014265162427;0.7169312169312169;0.7169312169312169
original_firstorder_Mean_delta_ART_PORT;Nonperiph_washout;0.2660747156956718;0.009888901948890116;0.6638104838709677;0.6638104838709677
original_gldm_DependenceVariance_ART;nonrim_APHE;0.26589538282927944;0.00993879801856755;0.6666666666666667;0.6666666666666667
original_glrlm_GrayLevelVariance_PORT;Shape;0.2655172048649674;0.02705575556827411;;
original_gldm_GrayLevelVariance_TARD;Portal_thrombosis;0.2653081778033824;0.010103750148715942;0.7160493827160495;0.7160493827160495
original_glszm_GrayLevelNonUniformityNormalized_TARD;APHE_heterogeneous;-0.26528098520328985;0.010111447558124409;0.3429636533084809;0.6570363466915191
original_glcm_SumEntropy_ART;Nonperiph_washout;-0.26525602426276207;0.01011851784768302;0.3366935483870968;0.6633064516129032
original_glrlm_RunLengthNonUniformityNormalized_TARD;Nonperiph_washout;-0.26525602426276207;0.01011851784768302;0.33669354838709675;0.6633064516129032
original_firstorder_Skewness_delta_ART_PORT;Nonperiph_washout;-0.26525602426276207;0.01011851784768302;0.33669354838709675;0.6633064516129032
original_glrlm_RunLengthNonUniformityNormalized_TARD;Late_enhancement;0.2649998566266745;0.010191333196804387;0.6737142857142857;0.6737142857142857
original_glszm_LargeAreaEmphasis_TARD;Late_enhancement;-0.2649998566266745;0.010191333196804387;0.3262857142857143;0.6737142857142857
original_firstorder_Range_PORT;Satellite_nodule;0.26475892235293774;0.010260243810281601;0.7095833333333333;0.7095833333333333
original_glrlm_LowGrayLevelRunEmphasis_PORT;Nonperiph_washout;0.2644373328298523;0.010352869109091445;0.6628024193548387;0.6628024193548387
original_glrlm_GrayLevelNonUniformityNormalized_ART;Nonperiph_washout;0.2644373328298523;0.010352869109091445;0.6628024193548387;0.6628024193548387
original_gldm_LargeDependenceEmphasis_TARD;Nonperiph_washout;0.2644373328298523;0.010352869109091445;0.6628024193548386;0.6628024193548386
original_gldm_HighGrayLevelEmphasis_PORT;Portal_thrombosis;0.264225287281736;0.010414349554958131;0.7151675485008818;0.7151675485008818
original_glcm_Imc2_ART;Portal_thrombosis;0.264225287281736;0.010414349554958131;0.7151675485008818;0.7151675485008818
original_firstorder_Variance_TARD;Portal_thrombosis;0.264225287281736;0.010414349554958131;0.7151675485008818;0.7151675485008818
original_glszm_GrayLevelVariance_TARD;Portal_thrombosis;0.264225287281736;0.010414349554958131;0.7151675485008818;0.7151675485008818
original_glszm_SmallAreaHighGrayLevelEmphasis_TARD;Portal_thrombosis;0.264225287281736;0.010414349554958131;0.7151675485008818;0.7151675485008818
original_glcm_MCC_ART;Satellite_nodule;0.26422516523462036;0.010414385034619132;0.7091666666666667;0.7091666666666667
original_glszm_SizeZoneNonUniformity_PORT;Late_enhancement;0.2641281465719815;0.010442622855409242;0.6731428571428572;0.6731428571428572
original_glrlm_RunEntropy_TARD;Late_enhancement;0.2641281465719815;0.010442622855409242;0.6731428571428572;0.6731428571428572
original_glrlm_RunLengthNonUniformityNormalized_ART;Size_mm;-0.263885949659042;0.7182328829856208;;
original_firstorder_Minimum_PORT;Portal_thrombosis;-0.2637022988747499;0.010567375537949873;0.28527336860670194;0.7147266313932981
original_shape_Sphericity_TARD;Nonperiph_washout;0.2636186413969425;0.010592038321352887;0.6622983870967742;0.6622983870967742
original_glszm_SizeZoneNonUniformity_TARD;Late_enhancement;0.26325643651728853;0.010699410387715833;0.6725714285714286;0.6725714285714286
original_glszm_HighGrayLevelZoneEmphasis_PORT;Satellite_nodule;0.2631724753332872;0.010724437603060355;0.7083333333333334;0.7083333333333334
original_glcm_ClusterProminence_TARD;Portal_thrombosis;0.26314239676008955;0.010733416102997285;0.7142857142857143;0.7142857142857143
original_firstorder_Entropy_ART;Nonperiph_washout;-0.2627999499640328;0.010836109157291555;0.3382056451612903;0.6617943548387097
original_glrlm_ShortRunHighGrayLevelEmphasis_ART;Nonperiph_washout;-0.2627999499640328;0.010836109157291555;0.33820564516129037;0.6617943548387096
original_glszm_SmallAreaEmphasis_ART;Nonperiph_washout;-0.2627999499640328;0.010836109157291555;0.33820564516129037;0.6617943548387096
original_firstorder_Minimum_ART;Portal_thrombosis;-0.2626413949175197;0.010883951796585203;0.28615520282186946;0.7138447971781305
original_glszm_HighGrayLevelZoneEmphasis_PORT;Portal_thrombosis;0.2620595062384431;0.011061144485703136;0.7134038800705468;0.7134038800705468
original_firstorder_RootMeanSquared_delta_ART_PORT;Nonperiph_washout;0.26198125853112303;0.01108516638060277;0.6612903225806451;0.6612903225806451
original_glrlm_GrayLevelNonUniformityNormalized_PORT;Shape;-0.2618462459597639;0.027531212245278637;;
original_firstorder_Minimum_ART;Shape;-0.26142182323713387;0.000473459850786315;;
original_firstorder_10Percentile_TARD;nonrim_APHE;-0.26133384373047447;0.011285706131086624;0.3362068965517241;0.6637931034482759
original_glcm_ClusterProminence_PORT;Nonperiph_washout;-0.2611625670982133;0.01133929585199102;0.3392137096774194;0.6607862903225806
original_glszm_SizeZoneNonUniformityNormalized_ART;Nonperiph_washout;-0.2611625670982133;0.01133929585199102;0.3392137096774194;0.6607862903225806
original_glcm_SumAverage_TARD;Nonperiph_washout;-0.2611625670982133;0.01133929585199102;0.3392137096774194;0.6607862903225806
original_glszm_GrayLevelVariance_PORT;Portal_thrombosis;0.2609766157167966;0.011397732745984704;0.7125220458553791;0.7125220458553791
original_glrlm_LongRunLowGrayLevelEmphasis_PORT;nonrim_APHE;0.2608942157541206;0.011423713043954209;0.6635318704284222;0.6635318704284222
original_glszm_LargeAreaEmphasis_PORT;nonrim_APHE;0.2608942157541206;0.011423713043954209;0.6635318704284222;0.6635318704284222
original_glszm_LargeAreaLowGrayLevelEmphasis_TARD;Necrosis;0.2608643192354851;0.011433152255590629;0.6814671814671814;0.6814671814671814
original_glrlm_RunEntropy_PORT;Shape;0.260777485772173;0.011764923894790155;;
original_shape_SurfaceVolumeRatio_TARD;Shape;-0.26073101793793;0.0007607605126660151;;
original_glszm_GrayLevelVariance_TARD;APHE_heterogeneous;0.26055788160916604;0.011530303520091182;0.6542404473438956;0.6542404473438956
original_gldm_LargeDependenceLowGrayLevelEmphasis_PORT;Size_mm;-0.26024488791831707;0.4983481713004899;;
original_glszm_GrayLevelNonUniformityNormalized_PORT;Shape;-0.26003400042428376;0.02925230771163431;;
original_glrlm_RunEntropy_ART;Shape;0.2596622577503391;0.017838503221357244;;
original_glcm_Autocorrelation_TARD;Nonperiph_washout;-0.25952518423239374;0.01186312050260747;0.3402217741935484;0.6597782258064516
original_firstorder_10Percentile_delta_TARD_ART;nonrim_APHE;-0.2592362320377686;0.011957756365551221;0.3375130616509927;0.6624869383490073
original_glcm_ClusterShade_ART;APHE_heterogeneous;0.25898351374445805;0.012041073167874224;0.6533084808946876;0.6533084808946876
original_glcm_Imc1_ART;Satellite_nodule;-0.25896171572795457;0.01204828364204152;0.29500000000000004;0.705
original_ngtdm_Strength_TARD;Late_enhancement;0.2588978862438235;0.012069419545370167;0.6697142857142858;0.6697142857142858
original_firstorder_Minimum_TARD;Nonperiph_washout;-0.258751771077094;0.012117926534078593;0.3407258064516128;0.6592741935483872
original_glszm_HighGrayLevelZoneEmphasis_PORT;Nonperiph_washout;-0.258706492799484;0.012132992941341725;0.34072580645161293;0.659274193548387
original_glszm_SmallAreaHighGrayLevelEmphasis_PORT;Nonperiph_washout;-0.258706492799484;0.012132992941341725;0.3407258064516129;0.6592741935483871
original_glcm_SumSquares_ART;Nonperiph_washout;-0.258706492799484;0.012132992941341725;0.34072580645161293;0.659274193548387
original_glcm_ClusterProminence_TARD;APHE_heterogeneous;0.2581963298121041;0.012303901124751132;0.6528424976700838;0.6528424976700838
original_glrlm_RunVariance_ART;Necrosis;0.2580891669031926;0.012340071324706863;0.6795366795366795;0.6795366795366795
original_glszm_SmallAreaEmphasis_ART;Late_enhancement;0.2580261761891305;0.012361376214907842;0.6691428571428573;0.6691428571428573
original_gldm_LargeDependenceLowGrayLevelEmphasis_PORT;nonrim_APHE;0.25756010437068133;0.01252002724207254;0.6614420062695925;0.6614420062695925
Age_at_disease;Satellite_nodule;-0.2574989493021409;0.012540977697246583;0.29625;0.70375
original_glrlm_RunVariance_TARD;APHE_heterogeneous;0.2574091458797501;0.012571798741706799;0.6523765144454798;0.6523765144454798
original_glrlm_GrayLevelNonUniformityNormalized_PORT;Nonperiph_washout;0.2570691099336645;0.012689109585785788;0.6582661290322581;0.6582661290322581
original_glrlm_RunPercentage_TARD;Nonperiph_washout;-0.2570691099336645;0.012689109585785788;0.34173387096774194;0.658266129032258
original_glszm_LowGrayLevelZoneEmphasis_ART;Shape;-0.25701359119848344;0.01760108469730045;;
original_glrlm_HighGrayLevelRunEmphasis_PORT;Satellite_nodule;0.2568563359252883;0.012763007532641315;0.7033333333333334;0.7033333333333334
original_gldm_GrayLevelVariance_ART;Nonperiph_washout;-0.2562504185007547;0.012975537786412202;0.34223790322580644;0.6577620967741935
original_glszm_ZonePercentage_PORT;Necrosis;-0.2562390653483311;0.012979549695493716;0.3217503217503217;0.6782496782496783
original_glszm_ZonePercentage_ART;Necrosis;-0.2562390653483311;0.012979549695493716;0.3217503217503218;0.6782496782496782
original_glrlm_LongRunEmphasis_PORT;nonrim_APHE;0.25589304867896173;0.013102350505281567;0.6603970741901777;0.6603970741901777
original_ngtdm_Busyness_PORT;nonrim_APHE;0.25589304867896173;0.013102350505281567;0.6603970741901777;0.6603970741901777
original_glcm_ClusterShade_PORT;Size_mm;0.2558125954531653;0.29701818796481794;;
original_glszm_LargeAreaHighGrayLevelEmphasis_TARD;Portal_thrombosis;0.25556216310856433;0.013220741215337981;0.7081128747795414;0.7081128747795414
original_gldm_LargeDependenceLowGrayLevelEmphasis_TARD;Portal_thrombosis;-0.25556216310856433;0.013220741215337981;0.29188712522045857;0.7081128747795414
original_glcm_ClusterProminence_TARD;Shape;0.25526330277532744;0.02861139439541031;;
original_gldm_LargeDependenceEmphasis_PORT;nonrim_APHE;0.2550595208331019;0.013402396240800685;0.6598746081504703;0.6598746081504703
original_glcm_Id_PORT;nonrim_APHE;0.2550595208331019;0.013402396240800685;0.6598746081504703;0.6598746081504703
original_firstorder_RootMeanSquared_delta_TARD_ART;nonrim_APHE;-0.2550595208331019;0.013402396240800236;0.34012539184952983;0.6598746081504702
original_firstorder_Minimum_ART;nonrim_APHE;-0.2546819746794303;0.01354028870036901;0.34038662486938354;0.6596133751306165
original_firstorder_Range_PORT;APHE_heterogeneous;0.2546611315872943;0.013547937673665375;0.6507455731593663;0.6507455731593663
original_gldm_LowGrayLevelEmphasis_TARD;Nonperiph_washout;0.2546130356349352;0.013565602439472252;0.6567540322580645;0.6567540322580645
original_firstorder_Skewness_delta_TARD_ART;Nonperiph_washout;0.2546130356349352;0.013565602439472252;0.6567540322580645;0.6567540322580645
original_firstorder_Uniformity_PORT;nonrim_APHE;0.25422599298724213;0.013708498471075935;0.6593521421107629;0.6593521421107629
original_glrlm_RunPercentage_PORT;nonrim_APHE;-0.25422599298724213;0.013708498471075935;0.34064785788923724;0.6593521421107628
original_firstorder_Range_ART;Portal_thrombosis;0.25395115797892287;0.013810773064544236;0.7067901234567902;0.7067901234567902
original_gldm_SmallDependenceEmphasis_TARD;Nonperiph_washout;-0.2537943442020254;0.013869429712982813;0.34375;0.65625
original_shape_Elongation_ART;Satellite_nodule;-0.2536982662212888;0.013905476530279196;0.2991666666666667;0.7008333333333333
original_glrlm_RunEntropy_ART;Satellite_nodule;0.2536982662212888;0.013905476530279669;0.7008333333333333;0.7008333333333333
original_glrlm_RunEntropy_TARD;Satellite_nodule;0.2536982662212888;0.013905476530279669;0.7008333333333333;0.7008333333333333
original_glszm_SizeZoneNonUniformity_ART;Late_enhancement;0.25366762591566544;0.013916989631593456;0.6662857142857144;0.6662857142857144
original_glszm_SizeZoneNonUniformityNormalized_ART;Late_enhancement;0.25366762591566544;0.013916989631593456;0.6662857142857143;0.6662857142857143
original_glrlm_RunVariance_TARD;Late_enhancement;-0.25366762591566544;0.013916989631593456;0.33371428571428574;0.6662857142857143
original_glszm_GrayLevelVariance_PORT;Shape;0.25352850363025237;0.03120661056069759;;
original_glcm_InverseVariance_PORT;APHE_heterogeneous;0.25347322621798024;0.013990231626409212;0.6500465983224604;0.6500465983224604
original_gldm_DependenceNonUniformityNormalized_TARD;APHE_heterogeneous;-0.25347322621798024;0.013990231626409212;0.3499534016775396;0.6500465983224604
original_glcm_SumEntropy_PORT;nonrim_APHE;-0.2533924651413823;0.01402075905414984;0.3411703239289447;0.6588296760710552
original_shape_Elongation_PORT;Satellite_nodule;-0.25264557631995566;0.014305878435429645;0.3;0.7
original_glcm_Imc1_PORT;Satellite_nodule;-0.25264557631995566;0.014305878435429645;0.30000000000000004;0.7
original_glrlm_LowGrayLevelRunEmphasis_TARD;Satellite_nodule;-0.25264557631995566;0.014305878435429645;0.3;0.7
original_glcm_SumEntropy_TARD;Shape;0.2525836576673097;0.031783516386694514;;
original_glcm_Idm_PORT;nonrim_APHE;0.2525589372955225;0.014339281084865735;0.658307210031348;0.658307210031348
original_glszm_LargeAreaLowGrayLevelEmphasis_PORT;Necrosis;0.2525388622386079;0.014347030595078216;0.6756756756756757;0.6756756756756757
original_glcm_ClusterTendency_TARD;Shape;0.2523513184960943;0.029423875008419576;;
original_glcm_Imc1_ART;Portal_thrombosis;-0.2523134915436249;0.01443428358214398;0.2945326278659612;0.7054673721340388
original_ngtdm_Complexity_TARD;Portal_thrombosis;0.2523134915436249;0.01443428358214398;0.7054673721340388;0.7054673721340388
original_glcm_ClusterTendency_ART;Nonperiph_washout;-0.2521569613362059;0.014495159817952975;0.34475806451612906;0.655241935483871
original_shape_SurfaceVolumeRatio_PORT;Shape;-0.2519331079879066;0.0011687334335208632;;
original_glszm_SmallAreaHighGrayLevelEmphasis_TARD;Shape;0.25182468304133937;0.030844631301464854;;
original_firstorder_90Percentile_TARD;nonrim_APHE;-0.25173157596217244;0.01466174172077562;0.3422152560083594;0.6577847439916407
original_firstorder_Mean_delta_TARD_ART;nonrim_APHE;-0.25172540944966265;0.014664168899305729;0.3422152560083594;0.6577847439916407
original_glszm_GrayLevelVariance_TARD;Shape;0.2517162580947722;0.03316374505092687;;
original_gldm_HighGrayLevelEmphasis_PORT;Satellite_nodule;0.25159288641862254;0.014716416473975575;0.6991666666666667;0.6991666666666667
original_glcm_SumAverage_PORT;Satellite_nodule;0.25159288641862254;0.014716416473975575;0.6991666666666667;0.6991666666666667
original_glszm_HighGrayLevelZoneEmphasis_ART;Shape;0.2515613653139619;0.031566412432425625;;
original_ngtdm_Complexity_PORT;Portal_thrombosis;0.2512306010219785;0.01486008679236137;0.7045855379188712;0.7045855379188712
original_glszm_SmallAreaLowGrayLevelEmphasis_PORT;nonrim_APHE;0.2508918816038028;0.01499552807899687;0.6572622779519331;0.6572622779519331
original_glszm_GrayLevelNonUniformityNormalized_TARD;Shape;-0.2508178799660726;0.037701483234196996;;
original_glcm_Autocorrelation_PORT;Satellite_nodule;0.25054019651728937;0.015137303396810528;0.6983333333333333;0.6983333333333333
original_glszm_SmallAreaHighGrayLevelEmphasis_PORT;Portal_thrombosis;0.250147710500332;0.015296919476967012;0.7037037037037037;0.7037037037037037
original_glcm_MaximumProbability_TARD;Portal_thrombosis;-0.250147710500332;0.015296919476967012;0.2962962962962963;0.7037037037037037
original_glrlm_RunLengthNonUniformityNormalized_PORT;nonrim_APHE;-0.25005835375794305;0.015333465454865327;0.3432601880877743;0.6567398119122256
original_glrlm_LongRunLowGrayLevelEmphasis_TARD;Size_mm;-0.2496017843685056;0.5291673147251459;;
original_glrlm_LongRunHighGrayLevelEmphasis_TARD;APHE_heterogeneous;0.24953730655621034;0.015548103032088543;0.6477166821994409;0.6477166821994409
original_glcm_ClusterTendency_TARD;APHE_heterogeneous;0.24953730655621034;0.015548103032088543;0.6477166821994408;0.6477166821994408
original_glrlm_ShortRunLowGrayLevelEmphasis_ART;Satellite_nodule;-0.24948750661595623;0.015568755134811976;0.3025;0.6975
original_firstorder_Uniformity_ART;Size_mm;-0.24937771903061481;0.5966756105090297;;
original_glcm_ClusterShade_PORT;Late_enhancement;-0.24930907564220037;0.015642949010554023;0.3365714285714286;0.6634285714285715
original_glszm_ZoneVariance_TARD;Late_enhancement;-0.24930907564220037;0.015642949010554023;0.33657142857142863;0.6634285714285714
original_glrlm_LongRunLowGrayLevelEmphasis_TARD;Portal_thrombosis;-0.24906481997868557;0.015745017933849487;0.2971781305114639;0.7028218694885361
original_glszm_LowGrayLevelZoneEmphasis_PORT;Nonperiph_washout;0.2488821956045669;0.015821714823512956;0.653225806451613;0.653225806451613
original_glrlm_GrayLevelVariance_ART;Nonperiph_washout;-0.2488821956045669;0.015821714823512956;0.3467741935483871;0.6532258064516129
original_glcm_ClusterShade_TARD;nonrim_APHE;0.24839129806622343;0.016029508387836074;0.6556948798328109;0.6556948798328109
original_glcm_Imc2_TARD;Shape;0.2481227455799739;0.03399198399704628;;
original_shape_Sphericity_PORT;Nonperiph_washout;0.24806350417165715;0.016169593683311882;0.6527217741935484;0.6527217741935484
original_firstorder_InterquartileRange_delta_ART_PORT;Portal_thrombosis;-0.2480123079650011;0.0161915696579412;0.29805996472663143;0.7019400352733686
original_glcm_MaximumProbability_PORT;Size_mm;-0.24800531883603388;0.6405949986314031;;
original_ngtdm_Contrast_ART;Portal_thrombosis;-0.2479819294570391;0.01620462203943995;0.2980599647266314;0.7019400352733687
original_ngtdm_Complexity_TARD;Shape;0.24758062084713794;0.027867644521568525;;
original_glcm_SumSquares_PORT;nonrim_APHE;-0.2475577702203636;0.01638783388587036;0.3448275862068965;0.6551724137931034
original_glszm_ZonePercentage_TARD;Necrosis;-0.2469885575740231;0.016636558749558522;0.32818532818532814;0.6718146718146718
original_firstorder_Skewness_delta_TARD_ART;Portal_thrombosis;-0.24689903893539264;0.01667597526046794;0.29894179894179895;0.701058201058201
original_glcm_DifferenceAverage_PORT;nonrim_APHE;-0.24672424237450383;0.016753177468053007;0.345350052246604;0.654649947753396
original_firstorder_Skewness_TARD;nonrim_APHE;0.24672424237450383;0.01675317746805352;0.654649947753396;0.654649947753396
original_gldm_LargeDependenceHighGrayLevelEmphasis_TARD;nonrim_APHE;-0.24672424237450383;0.016753177468053007;0.3453500522466039;0.654649947753396
original_ngtdm_Strength_TARD;Satellite_nodule;-0.2463294369119568;0.016928706486087408;0.305;0.6950000000000001
original_gldm_SmallDependenceHighGrayLevelEmphasis_TARD;Shape;0.2461865858198455;0.04932707340339504;;
original_firstorder_Entropy_PORT;nonrim_APHE;-0.245890714528644;0.01712565226269203;0.3458725182863114;0.6541274817136886
original_glcm_Imc2_TARD;Late_enhancement;0.24582223542342838;0.01715657373051877;0.6611428571428571;0.6611428571428571
original_firstorder_Mean_delta_ART_PORT;Late_enhancement;-0.24582223542342838;0.01715657373051877;0.3388571428571429;0.661142857142857
original_gldm_LargeDependenceHighGrayLevelEmphasis_ART;APHE_heterogeneous;0.24560138689444047;0.01725663094670325;0.6453867660764213;0.6453867660764213
original_glszm_HighGrayLevelZoneEmphasis_TARD;APHE_heterogeneous;0.24560138689444047;0.01725663094670325;0.6453867660764212;0.6453867660764212
original_firstorder_Kurtosis_TARD;Necrosis;0.2451384560191615;0.017468027754320565;0.6705276705276706;0.6705276705276706
original_gldm_SmallDependenceLowGrayLevelEmphasis_TARD;Necrosis;-0.2451384560191615;0.017468027754320565;0.32947232947232946;0.6705276705276706
original_glrlm_ShortRunHighGrayLevelEmphasis_PORT;nonrim_APHE;-0.24505718668278417;0.017505372665756785;0.3463949843260188;0.6536050156739812
original_glrlm_HighGrayLevelRunEmphasis_ART;Nonperiph_washout;-0.24478873844001808;0.01762922801819122;0.34929435483870974;0.6507056451612903
original_glrlm_ShortRunHighGrayLevelEmphasis_PORT;Portal_thrombosis;0.2447332578920997;0.017654920928572487;0.6992945326278659;0.6992945326278659
original_firstorder_Variance_delta_ART_PORT;Portal_thrombosis;-0.2447332578920997;0.017654920928572487;0.30070546737213405;0.6992945326278659
original_shape_Elongation_TARD;Shape;-0.24469961512406688;0.039679156623768516;;
original_glcm_MaximumProbability_TARD;Size_mm;-0.24434325096988166;0.5470236192698281;;
original_glcm_ClusterTendency_PORT;nonrim_APHE;-0.24422365883692435;0.017892454342955947;0.3469174503657262;0.6530825496342738
original_glrlm_RunVariance_TARD;Necrosis;0.24421340524173074;0.017897262327293953;0.6698841698841699;0.6698841698841699
original_gldm_HighGrayLevelEmphasis_ART;Nonperiph_washout;-0.24397004700710834;0.01801170745270976;0.3497983870967742;0.6502016129032258
original_glcm_JointEnergy_TARD;Portal_thrombosis;-0.24365036737045326;0.018163018347876765;0.3015873015873016;0.6984126984126984
original_firstorder_Maximum_ART;Nonperiph_washout;-0.2435692249989026;0.018201601356957635;0.3500504032258065;0.6499495967741935
original_firstorder_Maximum_PORT;Nonperiph_washout;-0.2435641106665684;0.0182040356125055;0.3500504032258065;0.6499495967741935
original_glrlm_LowGrayLevelRunEmphasis_ART;Shape;-0.2432746015406124;0.031383701700917185;;
original_glrlm_LongRunHighGrayLevelEmphasis_TARD;Satellite_nodule;0.24317136720795737;0.018391822204814414;0.6924999999999999;0.6924999999999999
original_glszm_LargeAreaHighGrayLevelEmphasis_ART;Nonperiph_washout;0.2431513555741986;0.01840143581476259;0.6496975806451613;0.6496975806451613
original_glrlm_LowGrayLevelRunEmphasis_TARD;Nonperiph_washout;0.2431513555741986;0.01840143581476259;0.6496975806451613;0.6496975806451613
original_ngtdm_Strength_TARD;Nonperiph_washout;-0.2431513555741986;0.01840143581476259;0.3503024193548387;0.6496975806451613
original_glrlm_RunEntropy_TARD;Shape;0.24268600897353335;0.020716473953574444;;
original_glcm_JointEntropy_TARD;Portal_thrombosis;0.2425674768488068;0.018683874841108773;0.6975308641975309;0.6975308641975309
original_glrlm_ShortRunEmphasis_PORT;nonrim_APHE;-0.24255660314520475;0.018689170541629052;0.34796238244514105;0.652037617554859
original_gldm_SmallDependenceHighGrayLevelEmphasis_PORT;nonrim_APHE;-0.24255660314520475;0.018689170541629052;0.34796238244514105;0.652037617554859
original_firstorder_Skewness_delta_TARD_ART;nonrim_APHE;0.24255660314520475;0.018689170541629052;0.6520376175548589;0.6520376175548589
original_glszm_LowGrayLevelZoneEmphasis_PORT;APHE_heterogeneous;-0.24245265116502457;0.01873986345203434;0.3564771668219944;0.6435228331780056
original_glrlm_GrayLevelVariance_PORT;Nonperiph_washout;-0.24233266414128882;0.018798525470478722;0.35080645161290325;0.6491935483870968
original_gldm_HighGrayLevelEmphasis_TARD;Nonperiph_washout;-0.24233266414128882;0.018798525470478722;0.35080645161290325;0.6491935483870968
original_ngtdm_Complexity_PORT;Satellite_nodule;0.2421186773066242;0.018903543011121803;0.6916666666666667;0.6916666666666667
original_glrlm_LongRunHighGrayLevelEmphasis_ART;Shape;0.24177214156675275;0.017993864177893802;;
original_glszm_ZonePercentage_PORT;APHE_heterogeneous;-0.2416654672326706;0.019127658615268654;0.35694315004659827;0.6430568499534017
original_glrlm_ShortRunEmphasis_ART;Size_mm;-0.24159144853891065;0.767665871704862;;
original_firstorder_Minimum_TARD;Portal_thrombosis;-0.24152685046216504;0.01919666785248364;0.3033509700176367;0.6966490299823633
original_glszm_HighGrayLevelZoneEmphasis_ART;Nonperiph_washout;-0.24151397270837907;0.019203089972080034;0.35131048387096775;0.6486895161290323
original_glcm_Imc2_ART;Late_enhancement;0.2414636851499633;0.019228186302082177;0.6582857142857144;0.6582857142857144
Gender;nonrim_APHE;0.241118831134937;0.019401061538140325;0.6180773249738767;0.6180773249738767
original_firstorder_RobustMeanAbsoluteDeviation_ART;Size_mm;0.24094726069247474;0.5793819508210443;;
original_glcm_Imc1_PORT;Portal_thrombosis;-0.24040169580551388;0.019764914871575185;0.30423280423280424;0.6957671957671958
original_glcm_Imc1_TARD;Portal_thrombosis;-0.24040169580551388;0.019764914871575185;0.30423280423280424;0.6957671957671958
original_glszm_LowGrayLevelZoneEmphasis_TARD;APHE_heterogeneous;-0.24009109936796266;0.019924342578076404;0.35787511649580617;0.6421248835041938
original_firstorder_RobustMeanAbsoluteDeviation_PORT;nonrim_APHE;-0.24005601960762535;0.01994241922064369;0.3495297805642633;0.6504702194357367
original_glcm_DifferenceEntropy_PORT;nonrim_APHE;-0.24005601960762535;0.01994241922064369;0.3495297805642633;0.6504702194357367
original_gldm_LowGrayLevelEmphasis_TARD;Satellite_nodule;-0.24001329750395792;0.019964453305216446;0.31;0.69
original_ngtdm_Busyness_ART;Late_enhancement;-0.23972026504057728;0.020116159466565545;0.34285714285714286;0.6571428571428571
original_glrlm_GrayLevelNonUniformityNormalized_PORT;nonrim_APHE;0.23922249176176552;0.02037616881317308;0.6499477533960292;0.6499477533960292
original_firstorder_Range_TARD;Satellite_nodule;0.2389681340131633;0.020510159481156018;0.6891666666666667;0.6891666666666667
original_glszm_ZoneVariance_ART;Satellite_nodule;0.23896060760262477;0.02051413592401357;0.6891666666666667;0.6891666666666667
original_glszm_SizeZoneNonUniformityNormalized_TARD;Late_enhancement;0.2388485549858843;0.020573416461933707;0.6565714285714286;0.6565714285714286
original_gldm_SmallDependenceLowGrayLevelEmphasis_ART;Necrosis;-0.2386631005771459;0.020671857864500508;0.333976833976834;0.666023166023166
original_glcm_JointEntropy_PORT;Portal_thrombosis;0.23823591476222097;0.020900176994635256;0.6940035273368607;0.6940035273368607
original_glrlm_ShortRunLowGrayLevelEmphasis_ART;Portal_thrombosis;-0.23823591476222097;0.020900176994634558;0.30599647266313934;0.6940035273368607
original_firstorder_Range_ART;Shape;0.23792780086365511;0.0609653277057937;;
original_glrlm_RunVariance_PORT;Necrosis;0.23773804979971513;0.021169042786834034;0.6653796653796653;0.6653796653796653
original_glrlm_LongRunEmphasis_ART;Necrosis;0.23773804979971513;0.021169042786834034;0.6653796653796653;0.6653796653796653
original_glrlm_GrayLevelVariance_TARD;APHE_heterogeneous;0.2377295475709007;0.02117366035644104;0.6407269338303822;0.6407269338303822
original_glrlm_ShortRunLowGrayLevelEmphasis_TARD;APHE_heterogeneous;-0.2377295475709007;0.02117366035644104;0.3592730661696179;0.640726933830382
original_glcm_SumEntropy_TARD;APHE_heterogeneous;0.2377295475709007;0.02117366035644104;0.6407269338303822;0.6407269338303822
original_glszm_ZonePercentage_PORT;nonrim_APHE;-0.2375554360700459;0.021268413651468907;0.35109717868338564;0.6489028213166144
original_glcm_ClusterProminence_ART;Nonperiph_washout;-0.23742051554383026;0.02134209258657494;0.3538306451612903;0.6461693548387097
original_firstorder_RootMeanSquared_delta_ART_PORT;Late_enhancement;-0.23710513487649829;0.02151518690180059;0.34457142857142864;0.6554285714285714
original_ngtdm_Strength_PORT;Satellite_nodule;-0.23685522779995846;0.021653213270133906;0.31249999999999994;0.6875
original_gldm_LowGrayLevelEmphasis_TARD;nonrim_APHE;0.23672190822418607;0.02172716189458773;0.6483803552769071;0.6483803552769071
original_gldm_GrayLevelNonUniformity_PORT;Nonperiph_washout;0.2366018241109205;0.021793957232894342;0.6456653225806451;0.6456653225806451
original_glcm_SumAverage_ART;Nonperiph_washout;-0.2366018241109205;0.021793957232894342;0.35433467741935487;0.6456653225806451
original_glszm_SizeZoneNonUniformityNormalized_TARD;Nonperiph_washout;-0.2366018241109205;0.021793957232894342;0.35433467741935487;0.6456653225806451
original_shape_Elongation_PORT;Portal_thrombosis;-0.23607013371892802;0.02209185531833368;0.30776014109347444;0.6922398589065255
original_gldm_SmallDependenceHighGrayLevelEmphasis_TARD;Portal_thrombosis;0.23607013371892802;0.02209185531833368;0.6922398589065255;0.6922398589065255
original_glcm_Contrast_PORT;nonrim_APHE;-0.23588838037832627;0.022194498141374676;0.35214211076280044;0.6478578892371996
original_glszm_SmallAreaLowGrayLevelEmphasis_ART;nonrim_APHE;0.23588838037832627;0.02219449814137541;0.6478578892371996;0.6478578892371996
original_glrlm_ShortRunHighGrayLevelEmphasis_PORT;Satellite_nodule;0.23580253789862532;0.02224312059135042;0.6866666666666666;0.6866666666666666
original_glszm_SmallAreaHighGrayLevelEmphasis_ART;Nonperiph_washout;-0.23578313267801074;0.022254124823098874;0.3548387096774194;0.6451612903225806
original_glcm_Autocorrelation_ART;Nonperiph_washout;-0.23578313267801074;0.022254124823098874;0.3548387096774194;0.6451612903225806
original_glcm_Imc2_PORT;Late_enhancement;0.23536171476711226;0.022494271222449694;0.6542857142857144;0.6542857142857144
original_glrlm_LowGrayLevelRunEmphasis_PORT;nonrim_APHE;0.23505485253246644;0.02267055207258939;0.6473354231974922;0.6473354231974922
original_gldm_GrayLevelVariance_PORT;nonrim_APHE;-0.23505485253246644;0.02267055207258939;0.35266457680250785;0.6473354231974922
original_glcm_JointEnergy_PORT;Portal_thrombosis;-0.2349872431972816;0.022709552094711045;0.308641975308642;0.691358024691358
original_glrlm_ShortRunEmphasis_TARD;Nonperiph_washout;-0.234964441245101;0.022722718398456347;0.3553427419354839;0.6446572580645161
original_gldm_LargeDependenceHighGrayLevelEmphasis_TARD;Nonperiph_washout;-0.234964441245101;0.022722718398456347;0.3553427419354839;0.6446572580645161
original_firstorder_10Percentile_TARD;Size_mm;-0.23482701500140443;0.3054996416708534;;
original_glrlm_LowGrayLevelRunEmphasis_PORT;APHE_heterogeneous;-0.23458081184148483;0.02294523032224389;0.36113699906803354;0.6388630009319665
original_glrlm_GrayLevelNonUniformityNormalized_TARD;APHE_heterogeneous;-0.23458081184148483;0.02294523032224389;0.3611369990680335;0.6388630009319665
original_glrlm_HighGrayLevelRunEmphasis_PORT;nonrim_APHE;-0.23422132468660667;0.02315545463880528;0.35318704284221525;0.6468129571577848
original_gldm_HighGrayLevelEmphasis_PORT;nonrim_APHE;-0.23422132468660667;0.02315545463880528;0.3531870428422153;0.6468129571577848
original_glcm_ClusterProminence_PORT;nonrim_APHE;-0.23422132468660667;0.02315545463880528;0.35318704284221525;0.6468129571577848
original_ngtdm_Complexity_ART;Shape;0.23407397036048225;0.07187567867594369;;
original_firstorder_Variance_TARD;Shape;0.2337641847988617;0.04607999147240979;;
original_glcm_ClusterProminence_PORT;Satellite_nodule;0.233697158095959;0.02346497828868613;0.685;0.685
original_glszm_LargeAreaHighGrayLevelEmphasis_PORT;Shape;0.2335318456276463;0.00672093242889349;;
original_glszm_HighGrayLevelZoneEmphasis_PORT;nonrim_APHE;-0.23338779684074684;0.02364933805815773;0.35370950888192265;0.6462904911180773
original_glcm_MaximumProbability_TARD;Nonperiph_washout;0.23332705837928144;0.023685681575331893;0.6436491935483871;0.6436491935483871
original_gldm_DependenceEntropy_TARD;Necrosis;0.23311279591256112;0.023814275093034975;0.6621621621621622;0.6621621621621622
original_glszm_SmallAreaHighGrayLevelEmphasis_ART;Shape;0.2330206994509724;0.05524258816197083;;
original_glrlm_GrayLevelVariance_TARD;Shape;0.23297423161672934;0.049307987672001605;;
original_gldm_LowGrayLevelEmphasis_PORT;nonrim_APHE;0.232554268994887;0.02415233581372336;0.64576802507837;0.64576802507837
original_glrlm_LongRunHighGrayLevelEmphasis_TARD;nonrim_APHE;-0.232554268994887;0.02415233581372336;0.35423197492163006;0.64576802507837
original_ngtdm_Complexity_ART;Nonperiph_washout;-0.2325083669463717;0.024180303158395703;0.3568548387096775;0.6431451612903225
original_glrlm_HighGrayLevelRunEmphasis_ART;Shape;0.23207585348802975;0.05618985611690361;;
original_glszm_LowGrayLevelZoneEmphasis_PORT;nonrim_APHE;0.23172074114902722;0.02466458265050999;0.6452455590386624;0.6452455590386624
original_glcm_DifferenceVariance_PORT;nonrim_APHE;-0.23172074114902722;0.02466458265050999;0.3547544409613375;0.6452455590386625
original_gldm_HighGrayLevelEmphasis_TARD;nonrim_APHE;-0.23172074114902722;0.02466458265050999;0.3547544409613375;0.6452455590386625
original_glcm_SumEntropy_PORT;Satellite_nodule;0.23159177829329272;0.024744672046399473;0.6833333333333333;0.6833333333333333
original_glszm_ZonePercentage_TARD;APHE_heterogeneous;-0.2314320761120689;0.02484416351031701;0.3630009319664493;0.6369990680335507
original_glcm_SumSquares_TARD;Shape;0.23127041102781634;0.04854153783790827;;
original_glrlm_LongRunHighGrayLevelEmphasis_TARD;Necrosis;0.23126269435769956;0.02495006356465467;0.6608751608751608;0.6608751608751608
original_ngtdm_Busyness_PORT;Portal_thrombosis;0.23065568111069573;0.025332794248054902;0.6878306878306879;0.6878306878306879
original_firstorder_MeanAbsoluteDeviation_delta_ART_PORT;Portal_thrombosis;-0.23065568111069573;0.025332794248054104;0.3121693121693122;0.6878306878306878
original_ngtdm_Strength_TARD;APHE_heterogeneous;-0.23064489217971493;0.025339642529023515;0.3634669151910531;0.6365330848089469
original_glszm_LargeAreaLowGrayLevelEmphasis_PORT;Size_mm;0.23025514284999968;0.6679635161800987;;
original_gldm_LowGrayLevelEmphasis_ART;Shape;-0.23024811867446857;0.0480146690280746;;
original_firstorder_10Percentile_delta_ART_PORT;Nonperiph_washout;0.23006920065000175;0.025707394183587726;0.641633064516129;0.641633064516129
original_glcm_SumAverage_TARD;nonrim_APHE;-0.2300536854573076;0.025717368836671833;0.3557993730407524;0.6442006269592476
original_glszm_GrayLevelNonUniformityNormalized_ART;Nonperiph_washout;0.23005229264764243;0.025718264431949;0.641633064516129;0.641633064516129
original_firstorder_Entropy_TARD;Shape;0.229953822390929;0.05425386992845709;;
original_gldm_LargeDependenceEmphasis_TARD;Size_mm;0.22974399379793634;0.7437627955659536;;
original_firstorder_Median_delta_ART_PORT;Portal_thrombosis;-0.22959287763076183;0.026015150223258267;0.31305114638447973;0.6869488536155203
original_gldm_DependenceEntropy_ART;Portal_thrombosis;0.2295727905890493;0.026028198315154672;0.6869488536155204;0.6869488536155204
original_gldm_DependenceNonUniformityNormalized_TARD;Late_enhancement;0.22925974438426117;0.02623227842954826;0.6502857142857144;0.6502857142857144
original_ngtdm_Strength_PORT;nonrim_APHE;-0.22922015761144782;0.02625818395318936;0.3563218390804598;0.6436781609195402
original_glcm_Autocorrelation_TARD;nonrim_APHE;-0.22922015761144782;0.02625818395318936;0.35632183908045983;0.6436781609195401
original_glcm_InverseVariance_PORT;Shape;0.22891604075950023;0.06990039483458789;;
original_firstorder_10Percentile_delta_ART_PORT;Necrosis;0.228504335024317;0.026730445831859247;0.6589446589446589;0.6589446589446589
original_gldm_LargeDependenceEmphasis_ART;Necrosis;0.22848754202540714;0.026741612458842868;0.6589446589446589;0.6589446589446589
original_glszm_HighGrayLevelZoneEmphasis_TARD;Satellite_nodule;0.22843370858929327;0.026777436555293826;0.6808333333333334;0.6808333333333334
original_glcm_Imc2_ART;Shape;0.22778532345958527;0.04523113965574834;;
original_ngtdm_Complexity_PORT;Nonperiph_washout;-0.2275962183489131;0.02734011460656441;0.3598790322580645;0.6401209677419355
original_gldm_SmallDependenceEmphasis_PORT;nonrim_APHE;-0.2275531019197282;0.027369357002146297;0.3573667711598746;0.6426332288401254
original_gldm_LowGrayLevelEmphasis_PORT;APHE_heterogeneous;-0.22749615645029905;0.02740801987366333;0.3653308480894688;0.6346691519105312
original_ngtdm_Contrast_ART;APHE_heterogeneous;-0.22749615645029905;0.02740801987366333;0.36533084808946875;0.6346691519105312
original_firstorder_Kurtosis_delta_TARD_ART;Portal_thrombosis;-0.22740700954575635;0.027468640385681732;0.3148148148148149;0.6851851851851851
Gender;Necrosis;-0.22674458711434947;0.027922725865370267;0.3767696267696268;0.6232303732303732
original_glrlm_RunVariance_PORT;APHE_heterogeneous;0.22670897251794508;0.02794732165036239;0.6342031686859273;0.6342031686859273
original_glrlm_LongRunHighGrayLevelEmphasis_ART;APHE_heterogeneous;0.22670897251794508;0.02794732165036239;0.6342031686859273;0.6342031686859273
original_glcm_SumSquares_TARD;APHE_heterogeneous;0.22670897251794508;0.02794732165036239;0.6342031686859273;0.6342031686859273
original_glrlm_RunPercentage_ART;Necrosis;-0.22663744047054551;0.02799677880740006;0.3423423423423423;0.6576576576576577
original_gldm_DependenceVariance_PORT;Size_mm;0.22657907090022927;0.661398544174342;;
original_glcm_DifferenceVariance_PORT;Shape;0.2264532455446169;0.08845199846822532;;
original_glszm_GrayLevelVariance_ART;Nonperiph_washout;-0.22595883548309362;0.028469730048272877;0.36088709677419356;0.6391129032258065
original_ngtdm_Strength_ART;Late_enhancement;0.22577290416548917;0.028600509262480995;0.648;0.648
original_firstorder_Skewness_TARD;Necrosis;0.22571238969311475;0.028643185007985284;0.657014157014157;0.657014157014157
original_gldm_GrayLevelVariance_TARD;Shape;0.2250746997954055;0.055878075223764326;;
original_glcm_Autocorrelation_PORT;nonrim_APHE;-0.22505251838214874;0.029112107049276532;0.3589341692789969;0.6410658307210031
original_glrlm_LowGrayLevelRunEmphasis_TARD;nonrim_APHE;0.22505251838214874;0.029112107049277445;0.6410658307210032;0.6410658307210032
original_gldm_DependenceNonUniformityNormalized_PORT;Size_mm;-0.22466051144453958;0.5303032898061036;;
original_glcm_SumEntropy_TARD;Satellite_nodule;0.22422294898396067;0.02971098250833952;0.6775;0.6775
original_glcm_MaximumProbability_PORT;Portal_thrombosis;-0.224158337980817;0.02975806743519933;0.31746031746031744;0.6825396825396826
original_glszm_SmallAreaLowGrayLevelEmphasis_ART;Portal_thrombosis;-0.224158337980817;0.02975806743519933;0.3174603174603175;0.6825396825396826
original_glcm_InverseVariance_TARD;APHE_heterogeneous;0.22356023678852915;0.030196984777546634;0.6323392357875117;0.6323392357875117
original_glszm_ZoneVariance_ART;nonrim_APHE;0.2233854626904291;0.030326288667196003;0.6400208986415883;0.6400208986415883
original_glcm_ClusterTendency_PORT;Satellite_nodule;0.22317025908262755;0.030486156935264283;0.6766666666666667;0.6766666666666667
original_glrlm_HighGrayLevelRunEmphasis_TARD;Satellite_nodule;0.22317025908262755;0.030486156935264283;0.6766666666666666;0.6766666666666666
original_firstorder_90Percentile_delta_ART_PORT;Nonperiph_washout;0.22309809982769457;0.030539923679979517;0.6373487903225807;0.6373487903225807
original_glszm_LargeAreaHighGrayLevelEmphasis_PORT;Portal_thrombosis;0.22307544745917054;0.030556819025313472;0.681657848324515;0.681657848324515
original_gldm_DependenceVariance_ART;Necrosis;0.22293723736082235;0.030660077503446112;0.6550836550836551;0.6550836550836551
original_firstorder_Variance_TARD;APHE_heterogeneous;0.22277305285617519;0.030783131063924263;0.6318732525629077;0.6318732525629077
original_glrlm_ShortRunLowGrayLevelEmphasis_PORT;Nonperiph_washout;0.2226840697514546;0.03084999943687556;0.6370967741935484;0.6370967741935484
original_gldm_SmallDependenceHighGrayLevelEmphasis_TARD;Nonperiph_washout;-0.2226840697514546;0.03084999943687556;0.3629032258064516;0.6370967741935484
original_firstorder_MeanAbsoluteDeviation_TARD;Shape;0.22265837241476527;0.06028968821515622;;
original_glcm_SumAverage_PORT;nonrim_APHE;-0.2225519348445693;0.03094952527485904;0.3605015673981191;0.6394984326018809
original_firstorder_Range_TARD;Necrosis;0.22201917917885552;0.03135360498450565;0.6544401544401545;0.6544401544401545
original_firstorder_Kurtosis_delta_ART_PORT;Size_mm;0.22175466409376868;0.37744013913936975;;
original_glszm_LargeAreaHighGrayLevelEmphasis_ART;Shape;0.22166705861757952;0.008314020701724475;;
original_glcm_Contrast_PORT;Shape;0.22151216583676925;0.09951550606279976;;
original_firstorder_Minimum_TARD;Shape;-0.22114814272632227;0.0013710432360991964;;
original_gldm_SmallDependenceEmphasis_ART;Necrosis;-0.22108713580596076;0.03207142223514783;0.3462033462033462;0.6537966537966537
original_glcm_SumSquares_PORT;Satellite_nodule;0.22106487927996124;0.03208873397823129;0.675;0.675
original_gldm_LargeDependenceHighGrayLevelEmphasis_ART;Satellite_nodule;0.22106487927996124;0.03208873397823129;0.675;0.675
original_glrlm_HighGrayLevelRunEmphasis_TARD;Nonperiph_washout;-0.22104668688563506;0.032102890475245775;0.3639112903225807;0.6360887096774193
original_ngtdm_Busyness_TARD;Portal_thrombosis;0.22090966641587764;0.032209685673710804;0.6798941798941799;0.6798941798941799
original_glrlm_GrayLevelVariance_PORT;nonrim_APHE;-0.22088487915284968;0.03222903761113922;0.3615464994775339;0.6384535005224661
original_glrlm_HighGrayLevelRunEmphasis_TARD;nonrim_APHE;-0.22088487915284968;0.03222903761113922;0.361546499477534;0.6384535005224661
original_gldm_HighGrayLevelEmphasis_ART;Shape;0.22073770193271786;0.06835477875449361;;
original_glrlm_RunVariance_ART;APHE_heterogeneous;0.22041150105911328;0.032600530335943484;0.630475302889096;0.630475302889096
original_glszm_GrayLevelVariance_TARD;Necrosis;0.22016208502852996;0.03279773546832547;0.6531531531531533;0.6531531531531533
original_glszm_SmallAreaHighGrayLevelEmphasis_PORT;nonrim_APHE;-0.2200513513069899;0.0328856158997255;0.3620689655172413;0.6379310344827587
original_gldm_LargeDependenceLowGrayLevelEmphasis_TARD;nonrim_APHE;0.2200513513069899;0.0328856158997255;0.6379310344827587;0.6379310344827587
original_glcm_SumAverage_TARD;Satellite_nodule;0.22001218937862807;0.03291674378535002;0.6741666666666667;0.6741666666666667
original_glcm_DifferenceEntropy_PORT;Shape;0.2199942165848286;0.10169747739158717;;
original_ngtdm_Strength_ART;Portal_thrombosis;-0.2198267758942312;0.033064462470979016;0.3209876543209877;0.6790123456790123
original_glszm_LargeAreaEmphasis_ART;nonrim_APHE;0.21921782346113006;0.033553612593160295;0.6374085684430513;0.6374085684430513
original_shape_Sphericity_TARD;nonrim_APHE;0.21921782346113006;0.033553612593160295;0.6374085684430512;0.6374085684430512
original_firstorder_Minimum_ART;Nonperiph_washout;-0.21903368669185494;0.03370273668054126;0.3651713709677419;0.6348286290322581
original_glcm_Autocorrelation_TARD;Satellite_nodule;0.21895949947729496;0.03376297755340378;0.6733333333333333;0.6733333333333333
original_glszm_GrayLevelNonUniformityNormalized_PORT;APHE_heterogeneous;-0.2188371331944053;0.033862541576304944;0.37045666356011187;0.6295433364398881
original_firstorder_MeanAbsoluteDeviation_TARD;APHE_heterogeneous;0.2188371331944053;0.033862541576304944;0.6295433364398881;0.6295433364398881
original_glrlm_LongRunHighGrayLevelEmphasis_TARD;Nonperiph_washout;-0.2185906125869058;0.034063886973235286;0.36542338709677424;0.6345766129032258
original_glcm_Id_TARD;Nonperiph_washout;0.2185906125869058;0.03406388697323412;0.6345766129032258;0.6345766129032258
original_glrlm_GrayLevelNonUniformityNormalized_TARD;Shape;-0.21850724588905;0.07033475901060217;;
original_firstorder_Maximum_PORT;Shape;0.21843285709083266;0.09895606468523821;;
original_glrlm_LongRunEmphasis_PORT;Necrosis;0.21831198347366834;0.03429268807637363;0.6518661518661518;0.6518661518661518
original_gldm_DependenceNonUniformityNormalized_ART;Necrosis;-0.21831198347366834;0.03429268807637363;0.34813384813384807;0.6518661518661519
original_glszm_GrayLevelNonUniformityNormalized_TARD;Necrosis;-0.21831198347366834;0.03429268807637363;0.3481338481338481;0.6518661518661519
original_firstorder_Uniformity_TARD;Shape;-0.21813550321510533;0.0765699550989454;;
original_gldm_GrayLevelVariance_TARD;APHE_heterogeneous;0.21804994926205132;0.03450905899370514;0.6290773532152842;0.6290773532152842
original_firstorder_Kurtosis_delta_ART_PORT;Late_enhancement;-0.2179275136732521;0.03461055751570836;0.3571428571428571;0.6428571428571429
original_firstorder_Entropy_PORT;Satellite_nodule;0.21790680957596179;0.03462774629601342;0.6725;0.6725
original_glszm_GrayLevelNonUniformityNormalized_PORT;Satellite_nodule;-0.21790680957596179;0.03462774629601342;0.3275;0.6725
original_glszm_SmallAreaHighGrayLevelEmphasis_PORT;Satellite_nodule;0.21790680957596179;0.03462774629601342;0.6725000000000001;0.6725000000000001
original_glszm_LargeAreaEmphasis_ART;Satellite_nodule;0.21790680957596179;0.03462774629601342;0.6725;0.6725
original_glcm_ClusterTendency_TARD;Satellite_nodule;0.21790680957596179;0.03462774629601342;0.6725;0.6725
original_gldm_LargeDependenceHighGrayLevelEmphasis_PORT;Nonperiph_washout;-0.21777192115399602;0.03473991081690877;0.36592741935483875;0.6340725806451613
original_glrlm_RunPercentage_PORT;Size_mm;-0.2177494961789712;0.8503925691024892;;
original_glrlm_RunPercentage_TARD;Size_mm;-0.21749042063203503;0.7507558270993765;;
original_gldm_LargeDependenceEmphasis_PORT;Size_mm;0.2173363757122351;0.8559002523757184;;
original_firstorder_90Percentile_delta_TARD_ART;Late_enhancement;0.21706188046399383;0.03533546358990063;0.6422857142857142;0.6422857142857142
original_glrlm_ShortRunLowGrayLevelEmphasis_TARD;Nonperiph_washout;0.21695322972108627;0.035427359601563416;0.6335685483870968;0.6335685483870968
original_glcm_Idm_TARD;Nonperiph_washout;0.21695322972108627;0.035427359601563416;0.6335685483870968;0.6335685483870968
original_gldm_HighGrayLevelEmphasis_TARD;Satellite_nodule;0.21685411967462864;0.03551136393539509;0.6716666666666666;0.6716666666666666
original_glszm_LargeAreaLowGrayLevelEmphasis_TARD;Size_mm;0.21676220828389003;0.637303088904509;;
original_glszm_HighGrayLevelZoneEmphasis_PORT;APHE_heterogeneous;0.21647558139734338;0.035833773684688805;0.6281453867660765;0.6281453867660765
original_glszm_ZonePercentage_ART;APHE_heterogeneous;-0.21647558139734338;0.035833773684688805;0.3718546132339236;0.6281453867660765
original_gldm_GrayLevelNonUniformity_TARD;Nonperiph_washout;0.21613453828817653;0.0361263823686251;0.6330645161290323;0.6330645161290323
original_glszm_GrayLevelVariance_PORT;Satellite_nodule;0.21580142977329547;0.0364141472667494;0.6708333333333334;0.6708333333333334
original_glszm_LargeAreaLowGrayLevelEmphasis_ART;APHE_heterogeneous;0.2156883974649894;0.036512236157406196;0.6276794035414726;0.6276794035414726
original_firstorder_Entropy_TARD;APHE_heterogeneous;0.2156883974649894;0.036512236157406196;0.6276794035414726;0.6276794035414726
original_glrlm_HighGrayLevelRunEmphasis_TARD;APHE_heterogeneous;0.2156883974649894;0.036512236157406196;0.6276794035414726;0.6276794035414726
original_gldm_DependenceEntropy_ART;Necrosis;0.21461178036394515;0.03745785633694902;0.6492921492921492;0.6492921492921492
original_gldm_DependenceNonUniformityNormalized_TARD;Necrosis;-0.21461178036394515;0.03745785633694902;0.3507078507078507;0.6492921492921493
original_glszm_SmallAreaLowGrayLevelEmphasis_PORT;Nonperiph_washout;0.21449715542235698;0.03755975119774298;0.6320564516129032;0.6320564516129032
original_glrlm_RunLengthNonUniformity_ART;Late_enhancement;0.21444067345448006;0.03761004704415427;0.6405714285714286;0.6405714285714286
original_firstorder_Median_delta_TARD_ART;Portal_thrombosis;0.21442057731647382;0.03762795599303665;0.6746031746031746;0.6746031746031746
original_glcm_ClusterShade_ART;Portal_thrombosis;0.21441232328599885;0.03763531378731466;0.6746031746031746;0.6746031746031746
original_glcm_DifferenceAverage_PORT;Shape;0.21426318369484854;0.11555094057453277;;
original_glszm_LowGrayLevelZoneEmphasis_ART;Satellite_nodule;-0.2136960499706292;0.03827849232350611;0.3308333333333333;0.6691666666666667
original_glszm_SmallAreaLowGrayLevelEmphasis_PORT;Necrosis;-0.21368672958651438;0.038286922784104206;0.3513513513513513;0.6486486486486487
original_glrlm_LongRunLowGrayLevelEmphasis_TARD;nonrim_APHE;0.21338312854011143;0.038562399998354396;0.6337513061650993;0.6337513061650993
original_firstorder_10Percentile_delta_ART_PORT;Late_enhancement;-0.213148772876618;0.03877619667293126;0.36028571428571426;0.6397142857142857
original_glcm_DifferenceAverage_TARD;Nonperiph_washout;-0.21285977255653746;0.03904123020470385;0.36895161290322576;0.6310483870967742
original_shape_Elongation_PORT;Late_enhancement;-0.21269725334509404;0.039190946464648435;0.36057142857142854;0.6394285714285715
original_glcm_Imc2_ART;Satellite_nodule;0.21264336006929604;0.03924070165578661;0.6683333333333333;0.6683333333333333
original_gldm_DependenceEntropy_PORT;nonrim_APHE;-0.21254960069425158;0.03932738973914831;0.36677115987460807;0.6332288401253919
original_glszm_SmallAreaLowGrayLevelEmphasis_ART;APHE_heterogeneous;-0.21253966173557345;0.03933658863022934;0.37418452935694313;0.6258154706430569
original_firstorder_Maximum_TARD;Nonperiph_washout;-0.21245265724782816;0.03941719267235921;0.36920362903225806;0.630796370967742
original_glrlm_ShortRunHighGrayLevelEmphasis_TARD;Nonperiph_washout;-0.2120410811236277;0.03980039445803119;0.36945564516129037;0.6305443548387096
original_firstorder_Median_delta_ART_PORT;Shape;-0.2117492126311051;0.11659785556845906;;
original_glszm_LowGrayLevelZoneEmphasis_ART;nonrim_APHE;0.21171607284839175;0.040105225919878855;0.6327063740856844;0.6327063740856844
original_ngtdm_Contrast_TARD;Satellite_nodule;-0.21159067016796287;0.04022337180846011;0.3325;0.6675
original_glcm_ClusterProminence_TARD;Satellite_nodule;0.21159067016796287;0.04022337180846011;0.6675;0.6675
original_glcm_SumAverage_ART;Shape;0.21152158147450675;0.08530240977937902;;
original_glcm_JointEntropy_TARD;Shape;0.21141315652793954;0.09067583398971744;;
original_glszm_SmallAreaLowGrayLevelEmphasis_ART;Nonperiph_washout;0.21122238969071794;0.04057204834782371;0.6300403225806452;0.6300403225806452
original_firstorder_Skewness_TARD;APHE_heterogeneous;0.21096529387086552;0.04081697457399298;0.6248835041938491;0.6248835041938491
original_gldm_DependenceEntropy_PORT;Necrosis;0.21091157725422197;0.040868306472064936;0.6467181467181466;0.6467181467181466
original_gldm_SmallDependenceEmphasis_PORT;Necrosis;-0.21091157725422197;0.040868306472064936;0.35328185328185324;0.6467181467181468
original_glcm_ClusterShade_TARD;Necrosis;0.21091157725422197;0.040868306472064936;0.6467181467181466;0.6467181467181466
original_glrlm_ShortRunLowGrayLevelEmphasis_PORT;nonrim_APHE;0.21088254500253198;0.04089607262003414;0.632183908045977;0.632183908045977
original_ngtdm_Busyness_TARD;nonrim_APHE;0.21088254500253198;0.04089607262003414;0.632183908045977;0.632183908045977
original_gldm_GrayLevelVariance_PORT;Satellite_nodule;0.21053798026662976;0.04122683333716463;0.6666666666666667;0.6666666666666667
original_glcm_SumSquares_TARD;Satellite_nodule;0.21053798026662976;0.04122683333716463;0.6666666666666667;0.6666666666666667
original_glszm_SmallAreaEmphasis_TARD;Nonperiph_washout;-0.2104036982578082;0.0413563479360423;0.3704637096774194;0.6295362903225806
original_ngtdm_Contrast_TARD;Nonperiph_washout;-0.2104036982578082;0.0413563479360423;0.3704637096774194;0.6295362903225806
original_firstorder_InterquartileRange_TARD;APHE_heterogeneous;0.20981829603285893;0.04192499944174222;0.6241845293569431;0.6241845293569431
original_firstorder_InterquartileRange_TARD;Shape;0.20977408543837303;0.1023689008398404;;
original_firstorder_90Percentile_delta_ART_PORT;Late_enhancement;-0.20965067015964245;0.042089042496871724;0.36257142857142854;0.6374285714285715
original_glcm_JointEnergy_TARD;Nonperiph_washout;0.20958500682489845;0.04215345023570559;0.6290322580645161;0.6290322580645161
original_firstorder_MeanAbsoluteDeviation_delta_ART_PORT;Satellite_nodule;-0.2094852903652966;0.042251419414349206;0.33416666666666667;0.6658333333333333
original_firstorder_RobustMeanAbsoluteDeviation_TARD;APHE_heterogeneous;0.2093909260061576;0.04234430760355512;0.6239515377446412;0.6239515377446412
original_glszm_LowGrayLevelZoneEmphasis_ART;Nonperiph_washout;0.20876631539198864;0.04296351319651729;0.6285282258064516;0.6285282258064516
original_ngtdm_Complexity_TARD;Satellite_nodule;0.20843260046396345;0.04329746577930308;0.665;0.665
original_firstorder_Range_PORT;Nonperiph_washout;-0.2083628029823556;0.04336758961275068;0.3717237903225806;0.6282762096774194
original_glszm_GrayLevelNonUniformityNormalized_PORT;Nonperiph_washout;0.2079476239590789;0.04378669569003491;0.6280241935483871;0.6280241935483871
original_glszm_GrayLevelVariance_PORT;Nonperiph_washout;-0.2079476239590789;0.04378669569003491;0.3719758064516129;0.6280241935483871
original_glcm_Autocorrelation_ART;Shape;0.20792806895970842;0.08667786770697786;;
original_gldm_SmallDependenceHighGrayLevelEmphasis_PORT;Portal_thrombosis;0.20791498015612012;0.04381979280267524;0.6693121693121693;0.6693121693121693
original_shape_Elongation_ART;Portal_thrombosis;-0.20791498015612012;0.04381979280267374;0.3306878306878307;0.6693121693121693
original_firstorder_Skewness_delta_ART_PORT;Portal_thrombosis;0.20791498015612012;0.04381979280267524;0.6693121693121693;0.6693121693121693
original_glcm_Id_PORT;Shape;-0.2078816011254654;0.13078781611903414;;
original_firstorder_90Percentile_delta_TARD_ART;nonrim_APHE;-0.20755424428957606;0.04418694672491412;0.36990595611285265;0.6300940438871474
original_shape_Elongation_PORT;Nonperiph_washout;0.20712893252616912;0.044623157494361035;0.6275201612903226;0.6275201612903226
original_gldm_SmallDependenceEmphasis_PORT;Size_mm;-0.20698735791840533;0.8900150613881377;;
original_gldm_SmallDependenceEmphasis_TARD;Size_mm;-0.20642019253186927;0.7708026986100321;;
Gender;Late_enhancement;-0.20641742749307834;0.045361016355461636;0.3942857142857143;0.6057142857142856
original_firstorder_Uniformity_PORT;Satellite_nodule;-0.20632722066129716;0.0454552948490585;0.33666666666666667;0.6633333333333333
original_glrlm_LowGrayLevelRunEmphasis_ART;Nonperiph_washout;0.20631024109325938;0.04547305927835146;0.6270161290322581;0.6270161290322581
original_gldm_GrayLevelNonUniformity_ART;Nonperiph_washout;0.20631024109325938;0.04547305927835146;0.6270161290322581;0.6270161290322581
original_glcm_Contrast_TARD;Nonperiph_washout;-0.20631024109325938;0.04547305927835146;0.37298387096774194;0.627016129032258
original_glrlm_RunLengthNonUniformityNormalized_ART;Necrosis;-0.20628632336706798;0.04549809249958478;0.3564993564993565;0.6435006435006435
original_glcm_Idm_PORT;Shape;-0.20625522692695752;0.1352235974305023;;
original_ngtdm_Complexity_ART;Portal_thrombosis;0.20574919911282719;0.046063333916751804;0.6675485008818343;0.6675485008818343
original_shape_Sphericity_TARD;APHE_heterogeneous;-0.20545500634438768;0.0463754258229403;0.37837837837837834;0.6216216216216217
original_firstorder_Uniformity_TARD;APHE_heterogeneous;-0.20545500634438768;0.0463754258229403;0.3783783783783784;0.6216216216216216
original_glrlm_LongRunHighGrayLevelEmphasis_ART;Satellite_nodule;0.205274530759964;0.04656776138686541;0.6625;0.6625
original_shape_Elongation_ART;Shape;-0.2051090203489615;0.0855929178394087;;
original_glrlm_ShortRunLowGrayLevelEmphasis_TARD;nonrim_APHE;0.20504785008151333;0.046810289248525684;0.6285266457680251;0.6285266457680251
original_firstorder_InterquartileRange_delta_ART_PORT;Satellite_nodule;-0.20477326805785656;0.0471054898372061;0.33791666666666664;0.6620833333333334
original_glszm_GrayLevelVariance_PORT;APHE_heterogeneous;0.2046678224120337;0.04721926886378902;0.6211556383970177;0.6211556383970177
original_glrlm_LowGrayLevelRunEmphasis_TARD;APHE_heterogeneous;-0.2046678224120337;0.04721926886378902;0.3788443616029823;0.6211556383970177
original_ngtdm_Strength_TARD;Portal_thrombosis;-0.20466630859118073;0.04722090400357726;0.33333333333333337;0.6666666666666666
original_glrlm_ShortRunHighGrayLevelEmphasis_ART;Shape;0.20450493850380147;0.1105876951956874;;
original_glrlm_LongRunEmphasis_TARD;Necrosis;0.2044362218122064;0.047469984429457074;0.6422136422136422;0.6422136422136422
original_glcm_MaximumProbability_TARD;Shape;-0.20433455644491014;0.12899718675626756;;
original_glrlm_GrayLevelVariance_PORT;Satellite_nodule;0.20422184085863085;0.047703055763420696;0.6616666666666666;0.6616666666666666
original_firstorder_Entropy_TARD;Satellite_nodule;0.20422184085863085;0.047703055763420696;0.6616666666666666;0.6616666666666666
original_glrlm_ShortRunLowGrayLevelEmphasis_ART;nonrim_APHE;0.20421432223565347;0.047711247311318386;0.6280041797283176;0.6280041797283176
original_glrlm_LongRunLowGrayLevelEmphasis_PORT;Size_mm;-0.20400448810773447;0.5803222583872394;;
original_firstorder_Skewness_TARD;Size_mm;0.20369639826813465;0.8012529856632695;;
original_firstorder_Skewness_TARD;Shape;-0.20351362470661571;0.09910555605233232;;
original_glszm_ZoneVariance_TARD;Satellite_nodule;0.20316915095729768;0.04886152572730418;0.6608333333333334;0.6608333333333334
original_ngtdm_Contrast_ART;Late_enhancement;0.20310844274347092;0.04892904834781396;0.6331428571428571;0.6331428571428571
original_firstorder_Median_delta_TARD_ART;Shape;0.2028941192686257;0.14040717213765888;;
original_glrlm_LongRunHighGrayLevelEmphasis_PORT;Necrosis;0.2025861202573448;0.0495132430770741;0.640926640926641;0.640926640926641
original_glcm_JointEnergy_TARD;Shape;-0.2020111647327561;0.11578968210244664;;
original_glszm_LargeAreaLowGrayLevelEmphasis_TARD;nonrim_APHE;0.20171373869807407;0.05050200688734198;0.6264367816091954;0.6264367816091954
original_gldm_LargeDependenceEmphasis_PORT;Necrosis;0.201661069479914;0.05056222843585027;0.6402831402831403;0.6402831402831403
original_glszm_SmallAreaHighGrayLevelEmphasis_TARD;APHE_heterogeneous;0.20151908668261784;0.05072487017545787;0.619291705498602;0.619291705498602
original_gldm_LowGrayLevelEmphasis_ART;Nonperiph_washout;0.20139809249580085;0.05086381504403264;0.623991935483871;0.623991935483871
original_firstorder_RobustMeanAbsoluteDeviation_TARD;Shape;0.20101985093557032;0.1067181001160576;;
original_glrlm_RunVariance_ART;nonrim_APHE;0.20088021085221425;0.05146213680432201;0.625914315569488;0.625914315569488
original_glrlm_RunPercentage_PORT;Necrosis;-0.2007360187024832;0.05162977026225576;0.3603603603603604;0.6396396396396395
original_glrlm_LongRunEmphasis_PORT;APHE_heterogeneous;0.2007319027502638;0.05163456204473797;0.6188257222739981;0.6188257222739981
original_ngtdm_Complexity_PORT;APHE_heterogeneous;0.2007319027502638;0.05163456204473797;0.6188257222739981;0.6188257222739981
original_glcm_Idn_PORT;Nonperiph_washout;0.20057940106289107;0.05181236669775569;0.6234879032258065;0.6234879032258065
original_glcm_DifferenceEntropy_TARD;Nonperiph_washout;-0.20057940106289107;0.0518123666977538;0.3765120967741935;0.6234879032258065
original_glszm_ZoneVariance_ART;Portal_thrombosis;0.2003347465045949;0.05209868413989014;0.6631393298059964;0.6631393298059964
original_glszm_HighGrayLevelZoneEmphasis_ART;nonrim_APHE;-0.20004668300635442;0.05243749795101542;0.3746081504702195;0.6253918495297806
original_firstorder_Variance_TARD;Satellite_nodule;0.20001108125329825;0.0524794995592477;0.6583333333333333;0.6583333333333333
original_glrlm_ShortRunLowGrayLevelEmphasis_ART;APHE_heterogeneous;-0.19994471881790984;0.05255786654250488;0.3816402609506057;0.6183597390493942
original_shape_SurfaceVolumeRatio_PORT;Nonperiph_washout;-0.1997607096299813;0.05277567369453276;0.3770161290322581;0.6229838709677419
original_shape_Elongation_TARD;Portal_thrombosis;-0.19925185598294845;0.05338192202612127;0.3377425044091711;0.6622574955908289
original_shape_Sphericity_PORT;nonrim_APHE;0.19921315516049465;0.053428267244178054;0.6248693834900731;0.6248693834900731
original_glrlm_GrayLevelNonUniformityNormalized_PORT;Satellite_nodule;-0.1989583913519651;0.053734192798537264;0.34249999999999997;0.6575
original_gldm_LargeDependenceLowGrayLevelEmphasis_PORT;Satellite_nodule;-0.1989583913519651;0.053734192798537264;0.3425;0.6575
original_gldm_GrayLevelVariance_TARD;Satellite_nodule;0.1989583913519651;0.053734192798537264;0.6575;0.6575
original_firstorder_Range_ART;Nonperiph_washout;-0.198952461804491;0.0537413304988159;0.3775201612903226;0.6224798387096774
original_glszm_GrayLevelVariance_ART;Shape;0.19882037344806447;0.1448876285841072;;
original_glszm_HighGrayLevelZoneEmphasis_TARD;nonrim_APHE;-0.19837962731463482;0.05443462236699562;0.37565308254963425;0.6243469174503657
original_glszm_GrayLevelNonUniformityNormalized_ART;APHE_heterogeneous;-0.1983703509532019;0.05444591049456299;0.3825722273998136;0.6174277726001864
original_firstorder_Maximum_PORT;Portal_thrombosis;0.197630286601232;0.055352785844964475;0.6609347442680776;0.6609347442680776
original_glrlm_ShortRunHighGrayLevelEmphasis_TARD;nonrim_APHE;-0.197546099468775;0.05545674174610467;0.3761755485893417;0.6238244514106583
original_firstorder_Range_ART;Necrosis;0.19750870880199864;0.055502964613084876;0.6373873873873874;0.6373873873873874
original_firstorder_Minimum_TARD;nonrim_APHE;-0.19716383671619972;0.05593081580241584;0.3764367816091954;0.6235632183908046
original_firstorder_Uniformity_TARD;Satellite_nodule;-0.19685301154929882;0.05631877828050866;0.3441666666666667;0.6558333333333333
original_glrlm_HighGrayLevelRunEmphasis_PORT;APHE_heterogeneous;0.19679598308849397;0.05639020214418689;0.6164958061509787;0.6164958061509787
original_glrlm_LongRunEmphasis_ART;APHE_heterogeneous;0.19679598308849397;0.05639020214418689;0.6164958061509785;0.6164958061509785
original_glszm_GrayLevelNonUniformityNormalized_PORT;nonrim_APHE;0.1967125716229152;0.056494804528022455;0.6233019853709508;0.6233019853709508
original_ngtdm_Complexity_PORT;nonrim_APHE;-0.1967125716229152;0.056494804528022455;0.37669801462904906;0.6233019853709509
original_glrlm_LongRunHighGrayLevelEmphasis_PORT;Nonperiph_washout;-0.19648594389834226;0.0567798234743568;0.37903225806451607;0.620967741935484
original_glcm_ClusterProminence_TARD;Necrosis;0.19611076481532919;0.057254297979355745;0.6364221364221364;0.6364221364221364
original_glcm_ClusterShade_TARD;APHE_heterogeneous;0.19600879915613997;0.057383818410172135;0.6160298229263746;0.6160298229263746
original_glrlm_ShortRunHighGrayLevelEmphasis_TARD;Satellite_nodule;0.19580032164796565;0.05764939242959505;0.655;0.655
original_glrlm_GrayLevelNonUniformity_PORT;Nonperiph_washout;0.1956672524654325;0.05781943941059708;0.6204637096774194;0.6204637096774194
original_shape_Flatness_TARD;Nonperiph_washout;0.1956672524654325;0.05781943941059708;0.6204637096774194;0.6204637096774194
original_firstorder_Range_PORT;nonrim_APHE;-0.19546775215223128;0.058075158566547005;0.37748171368861017;0.6225182863113898
original_shape_Sphericity_ART;Nonperiph_washout;0.19484856103252277;0.05887482821870361;0.6199596774193549;0.6199596774193549
original_ngtdm_Contrast_PORT;Satellite_nodule;-0.1947476317466325;0.05900603837050669;0.34583333333333327;0.6541666666666668
original_firstorder_MeanAbsoluteDeviation_TARD;Satellite_nodule;0.1947476317466325;0.05900603837050669;0.6541666666666667;0.6541666666666667
original_glcm_SumAverage_PORT;APHE_heterogeneous;0.19443443129143204;0.05941475168616802;0.6150978564771667;0.6150978564771667
original_gldm_LowGrayLevelEmphasis_TARD;APHE_heterogeneous;-0.19443443129143204;0.05941475168617006;0.3849021435228332;0.6150978564771667
original_glrlm_RunLengthNonUniformity_PORT;Late_enhancement;0.19439134219654086;0.059471164514672506;0.6274285714285714;0.6274285714285714
original_glrlm_ShortRunEmphasis_ART;Necrosis;-0.1942606632604676;0.059642522983877115;0.3648648648648648;0.6351351351351352
original_firstorder_Range_PORT;Necrosis;0.1938035635793802;0.06024514004275802;0.6348133848133848;0.6348133848133848
original_gldm_DependenceEntropy_ART;Satellite_nodule;0.19369494184529937;0.06038908130927111;0.6533333333333333;0.6533333333333333
original_glcm_Autocorrelation_PORT;APHE_heterogeneous;0.19364724735907807;0.060452374179852365;0.6146318732525629;0.6146318732525629
original_gldm_HighGrayLevelEmphasis_TARD;APHE_heterogeneous;0.19364724735907807;0.060452374179852365;0.6146318732525629;0.6146318732525629
original_ngtdm_Complexity_TARD;APHE_heterogeneous;0.19364724735907807;0.060452374179852365;0.614631873252563;0.614631873252563
original_glrlm_RunLengthNonUniformity_TARD;Late_enhancement;0.19351963214184786;0.060621996116367045;0.6268571428571429;0.6268571428571429
original_ngtdm_Busyness_ART;nonrim_APHE;0.19337846023947594;0.06081009644348835;0.6212121212121213;0.6212121212121213
original_firstorder_Maximum_ART;Shape;0.19328972071042907;0.1710844961580521;;
original_shape_SurfaceVolumeRatio_TARD;Nonperiph_washout;-0.19321117816670322;0.061033612234479076;0.3810483870967742;0.6189516129032258
original_glszm_LowGrayLevelZoneEmphasis_TARD;Nonperiph_washout;0.19321117816670322;0.06103361223447705;0.6189516129032258;0.6189516129032258
original_firstorder_Range_ART;APHE_heterogeneous;0.1928701877574591;0.06149133806508507;0.614165890027959;0.614165890027959
original_shape_Flatness_PORT;Portal_thrombosis;-0.1927545128530697;0.06164725752062087;0.34303350970017643;0.6569664902998236
original_glszm_HighGrayLevelZoneEmphasis_ART;Portal_thrombosis;0.1927545128530697;0.06164725752062087;0.6569664902998237;0.6569664902998237
original_firstorder_RobustMeanAbsoluteDeviation_PORT;Satellite_nodule;0.19264225194396623;0.061798888005395056;0.6525;0.6525
original_glrlm_LongRunLowGrayLevelEmphasis_PORT;Satellite_nodule;-0.19264225194396623;0.061798888005395056;0.34750000000000003;0.6525
original_glrlm_GrayLevelNonUniformityNormalized_TARD;Satellite_nodule;-0.19264225194396623;0.061798888005395056;0.34750000000000003;0.6525
original_firstorder_Maximum_ART;nonrim_APHE;-0.19213489223378025;0.06248803233922932;0.37957157784743994;0.62042842215256
original_ngtdm_Strength_ART;nonrim_APHE;-0.19171140454775634;0.06306810939262547;0.37983281086729365;0.6201671891327063
original_firstorder_Skewness_delta_ART_PORT;nonrim_APHE;-0.19171140454775634;0.06306810939262547;0.3798328108672936;0.6201671891327064
original_gldm_LargeDependenceLowGrayLevelEmphasis_PORT;Portal_thrombosis;-0.19167162233142324;0.06312282949439062;0.34391534391534395;0.656084656084656
original_firstorder_Variance_delta_ART_PORT;Satellite_nodule;-0.19158956204263305;0.06323582668628633;0.34833333333333333;0.6516666666666666
original_gldm_DependenceEntropy_PORT;Nonperiph_washout;-0.19157379530088373;0.0632575566570414;0.38205645161290325;0.6179435483870968
original_gldm_HighGrayLevelEmphasis_PORT;APHE_heterogeneous;0.19128569556201613;0.0636557080190057;0.6132339235787511;0.6132339235787511
original_glrlm_GrayLevelNonUniformity_TARD;Nonperiph_washout;0.19075510386797395;0.06439439793210441;0.6174395161290323;0.6174395161290323
original_firstorder_Kurtosis_delta_ART_PORT;Nonperiph_washout;0.19075510386797395;0.06439439793210441;0.6174395161290321;0.6174395161290321
original_glszm_GrayLevelVariance_ART;Portal_thrombosis;0.19058873180977678;0.06462747314963832;0.6552028218694885;0.6552028218694885
original_ngtdm_Contrast_ART;Shape;-0.19039420617198569;0.05798410915992568;;
original_glrlm_LongRunEmphasis_ART;nonrim_APHE;0.1900443488560367;0.06539498480716896;0.6191222570532915;0.6191222570532915
original_ngtdm_Strength_TARD;nonrim_APHE;-0.1900443488560367;0.06539498480716684;0.3808777429467085;0.6191222570532915
original_firstorder_Range_ART;Satellite_nodule;0.19002050193286993;0.06542877707717083;0.6504166666666666;0.6504166666666666
original_glcm_JointEntropy_TARD;Nonperiph_washout;-0.18993641243506418;0.06554805097602294;0.38306451612903225;0.6169354838709677
original_glcm_SumEntropy_PORT;APHE_heterogeneous;0.18971132769730817;0.06586819714780247;0.6123019571295433;0.6123019571295433
original_ngtdm_Strength_PORT;Portal_thrombosis;-0.18950584128813033;0.06616159214330053;0.345679012345679;0.654320987654321
original_glcm_InverseVariance_TARD;Portal_thrombosis;0.18950584128813033;0.06616159214330053;0.654320987654321;0.654320987654321
original_firstorder_Kurtosis_TARD;Shape;0.18929446742823278;0.1672646548747457;;
original_glszm_GrayLevelVariance_PORT;nonrim_APHE;-0.18921082101017692;0.06658470620552301;0.38140020898641586;0.6185997910135841
original_glszm_SmallAreaHighGrayLevelEmphasis_ART;nonrim_APHE;-0.18921082101017692;0.06658470620552301;0.3814002089864159;0.6185997910135841
original_glrlm_ShortRunLowGrayLevelEmphasis_ART;Nonperiph_washout;0.18911772100215443;0.0667186906466464;0.6164314516129032;0.6164314516129032
original_glrlm_ShortRunHighGrayLevelEmphasis_TARD;APHE_heterogeneous;0.1889241437649542;0.0669979871827465;0.6118359739049395;0.6118359739049395
original_glrlm_ShortRunLowGrayLevelEmphasis_PORT;Necrosis;-0.18871035859588284;0.06730755780046599;0.3687258687258687;0.6312741312741312
original_glcm_ClusterShade_ART;Satellite_nodule;0.18843149233863363;0.06771313706961335;0.6491666666666667;0.6491666666666667
original_firstorder_Maximum_TARD;Portal_thrombosis;0.188424928922118;0.06772270697539531;0.6534391534391534;0.6534391534391534
original_shape_Flatness_ART;Portal_thrombosis;-0.18842295076648385;0.06772559147846599;0.34656084656084657;0.6534391534391535
original_glszm_LowGrayLevelZoneEmphasis_TARD;nonrim_APHE;0.1883772931643171;0.06779219648196676;0.6180773249738768;0.6180773249738768
original_shape_Flatness_TARD;Late_enhancement;-0.18828937181368982;0.06792060733427352;0.37657142857142856;0.6234285714285714
original_glrlm_GrayLevelVariance_TARD;Necrosis;0.18778530781845204;0.06866066910065213;0.6306306306306306;0.6306306306306306
original_firstorder_Kurtosis_delta_ART_PORT;Necrosis;0.18778530781845204;0.06866066910065213;0.6306306306306306;0.6306306306306306
original_glszm_LargeAreaLowGrayLevelEmphasis_ART;nonrim_APHE;0.18754376531845726;0.06901764098668647;0.6175548589341693;0.6175548589341693
original_gldm_SmallDependenceHighGrayLevelEmphasis_TARD;nonrim_APHE;-0.18754376531845726;0.06901764098668448;0.3824451410658307;0.6175548589341693
original_glszm_SmallAreaHighGrayLevelEmphasis_PORT;APHE_heterogeneous;0.18734977590024626;0.06930543767141197;0.6109040074557316;0.6109040074557316
original_glszm_LargeAreaEmphasis_ART;Portal_thrombosis;0.1873400602448374;0.06931987739544532;0.6525573192239859;0.6525573192239859
original_firstorder_Maximum_TARD;Shape;0.18703499639200352;0.1800452716938136;;
original_glszm_LargeAreaEmphasis_TARD;nonrim_APHE;0.1867102374725975;0.07026122546337976;0.6170323928944619;0.6170323928944619
original_firstorder_10Percentile_TARD;APHE_heterogeneous;-0.18657891572541266;0.07045881765820947;0.3895619757688723;0.6104380242311277
original_glcm_Imc1_TARD;Shape;-0.18653737592980996;0.11822811781958942;;
original_firstorder_90Percentile_delta_TARD_ART;Nonperiph_washout;-0.18625751543609395;0.07094433354382743;0.3853326612903226;0.6146673387096774
original_glrlm_LowGrayLevelRunEmphasis_ART;Portal_thrombosis;-0.18625716972319092;0.0709448572601757;0.3483245149911817;0.6516754850088182
original_gldm_LargeDependenceEmphasis_TARD;Necrosis;0.18593520626359042;0.0714339738216358;0.6293436293436293;0.6293436293436293
original_glrlm_RunPercentage_ART;nonrim_APHE;-0.18587670962673766;0.07152313601844427;0.3834900731452456;0.6165099268547545
original_gldm_LargeDependenceEmphasis_ART;nonrim_APHE;0.18587670962673766;0.07152313601844427;0.6165099268547545;0.6165099268547545
original_glcm_DifferenceVariance_TARD;Nonperiph_washout;-0.1858429552705154;0.07157462682595507;0.3855846774193548;0.6144153225806452
original_glcm_ClusterProminence_ART;Shape;0.1854841050203001;0.1851365706159912;;
original_glszm_GrayLevelNonUniformityNormalized_ART;Shape;-0.18540665862989494;0.18340133658504343;;
original_glcm_JointEntropy_PORT;Satellite_nodule;0.1852734226346342;0.07244801352978873;0.6466666666666667;0.6466666666666667
original_firstorder_RobustMeanAbsoluteDeviation_TARD;Satellite_nodule;0.1852734226346342;0.07244801352978873;0.6466666666666666;0.6466666666666666
original_glszm_GrayLevelNonUniformityNormalized_ART;Portal_thrombosis;-0.1851742792015445;0.07260093944995764;0.34920634920634924;0.6507936507936507
original_glszm_LowGrayLevelZoneEmphasis_ART;Portal_thrombosis;-0.1851742792015445;0.07260093944995764;0.3492063492063492;0.6507936507936508
original_gldm_LargeDependenceHighGrayLevelEmphasis_PORT;Necrosis;0.18501015548615962;0.07285467630316303;0.6287001287001288;0.6287001287001288
original_gldm_LargeDependenceHighGrayLevelEmphasis_TARD;Necrosis;0.18501015548615962;0.07285467630316303;0.6287001287001287;0.6287001287001287
original_glszm_GrayLevelVariance_ART;APHE_heterogeneous;0.18498822410318433;0.07288863733536619;0.6095060577819198;0.6095060577819198
original_gldm_DependenceVariance_TARD;APHE_heterogeneous;0.18498822410318433;0.07288863733536619;0.6095060577819198;0.6095060577819198
original_glszm_GrayLevelNonUniformityNormalized_TARD;Satellite_nodule;-0.18422073273330103;0.07408529075716683;0.3541666666666667;0.6458333333333333
original_glszm_LargeAreaEmphasis_TARD;Satellite_nodule;0.18422073273330103;0.07408529075716683;0.6458333333333334;0.6458333333333334
original_gldm_SmallDependenceHighGrayLevelEmphasis_ART;nonrim_APHE;-0.184209653935018;0.07410268141396512;0.38453500522466044;0.6154649947753396
original_glcm_MaximumProbability_ART;nonrim_APHE;0.184209653935018;0.07410268141396512;0.6154649947753397;0.6154649947753397
original_glszm_SmallAreaHighGrayLevelEmphasis_TARD;nonrim_APHE;-0.184209653935018;0.07410268141396512;0.38453500522466033;0.6154649947753397
original_glcm_ClusterProminence_PORT;APHE_heterogeneous;0.18420104017083036;0.07411620495280977;0.6090400745573159;0.6090400745573159
original_firstorder_Maximum_ART;Portal_thrombosis;0.18409783118593437;0.07427839914797625;0.6499118165784833;0.6499118165784833
original_glrlm_LongRunLowGrayLevelEmphasis_PORT;Portal_thrombosis;-0.184091388679898;0.07428853323652924;0.35008818342151676;0.6499118165784832
original_glrlm_RunLengthNonUniformityNormalized_TARD;Size_mm;-0.1837895934049018;0.8229005959376717;;
original_glszm_LargeAreaHighGrayLevelEmphasis_PORT;Nonperiph_washout;0.18338688097178613;0.07540356287126493;0.6129032258064516;0.6129032258064516
original_gldm_DependenceEntropy_ART;Nonperiph_washout;-0.18338688097178613;0.07540356287126493;0.3870967741935484;0.6129032258064516
original_glszm_ZonePercentage_ART;nonrim_APHE;-0.18337612608915824;0.07542068999558682;0.38505747126436785;0.6149425287356322
original_glrlm_ShortRunHighGrayLevelEmphasis_ART;nonrim_APHE;-0.18254259824329844;0.07675777207243518;0.38557993730407514;0.6144200626959249
original_gldm_DependenceNonUniformityNormalized_TARD;nonrim_APHE;-0.18254259824329844;0.07675777207243518;0.38557993730407525;0.6144200626959248
original_glcm_JointEntropy_ART;Size_mm;0.18252222383745717;0.7188176464866483;;
original_glrlm_RunPercentage_TARD;Necrosis;-0.18223500315386723;0.07725604819826674;0.3732303732303732;0.6267696267696268
original_gldm_SmallDependenceHighGrayLevelEmphasis_PORT;Satellite_nodule;0.18211535293063472;0.07745058132173362;0.6441666666666667;0.6441666666666667
original_glrlm_GrayLevelVariance_TARD;Satellite_nodule;0.18211535293063472;0.07745058132173362;0.6441666666666667;0.6441666666666667
original_glszm_HighGrayLevelZoneEmphasis_TARD;Nonperiph_washout;-0.18174949810596658;0.0780478825736917;0.3881048387096775;0.6118951612903225
original_gldm_SmallDependenceEmphasis_TARD;Necrosis;-0.18130995237643643;0.07877044690259515;0.37387387387387383;0.6261261261261262
original_firstorder_Kurtosis_delta_TARD_ART;Satellite_nodule;-0.1810626630293016;0.07917934957557161;0.3566666666666667;0.6433333333333333
original_firstorder_Entropy_ART;nonrim_APHE;-0.1808755425515788;0.07948990663137294;0.3866248693834901;0.6133751306165098
original_glcm_JointEnergy_ART;nonrim_APHE;0.1808755425515788;0.07948990663137294;0.61337513061651;0.61337513061651
original_glcm_JointEntropy_ART;nonrim_APHE;-0.1808755425515788;0.07948990663137294;0.3866248693834901;0.6133751306165098
original_firstorder_Mean_delta_TARD_ART;Portal_thrombosis;0.1808427171149586;0.07954448778225173;0.6472663139329805;0.6472663139329805
original_glszm_LargeAreaLowGrayLevelEmphasis_PORT;APHE_heterogeneous;0.18026512050906046;0.0805098927993842;0.6067101584342963;0.6067101584342963
original_glcm_Autocorrelation_TARD;APHE_heterogeneous;0.18026512050906046;0.0805098927993842;0.6067101584342963;0.6067101584342963
original_ngtdm_Complexity_TARD;Nonperiph_washout;-0.18011211524014709;0.08076721667251291;0.38911290322580644;0.6108870967741935
original_gldm_LargeDependenceHighGrayLevelEmphasis_PORT;nonrim_APHE;-0.18004201470571898;0.08088533445428549;0.3871473354231975;0.6128526645768024
original_firstorder_RobustMeanAbsoluteDeviation_ART;nonrim_APHE;-0.18004201470571898;0.08088533445428549;0.3871473354231975;0.6128526645768024
original_firstorder_Uniformity_ART;nonrim_APHE;0.18004201470571898;0.08088533445428549;0.6128526645768025;0.6128526645768025
original_glcm_SumEntropy_ART;nonrim_APHE;-0.18004201470571898;0.08088533445428549;0.3871473354231975;0.6128526645768024
original_glszm_ZoneVariance_TARD;nonrim_APHE;0.18004201470571898;0.08088533445428549;0.6128526645768024;0.6128526645768024
original_glcm_JointEnergy_PORT;Satellite_nodule;-0.18000997312796843;0.08093937045811919;0.35749999999999993;0.6425000000000001
original_glszm_HighGrayLevelZoneEmphasis_ART;Satellite_nodule;0.18000997312796843;0.08093937045811919;0.6425;0.6425
original_firstorder_RootMeanSquared_delta_TARD_ART;Portal_thrombosis;0.1797598265933122;0.08136223432322365;0.646384479717813;0.646384479717813
original_shape_Flatness_PORT;Late_enhancement;-0.1795722712667597;0.08168046464601073;0.3822857142857143;0.6177142857142857
original_firstorder_Maximum_TARD;nonrim_APHE;-0.17921036827757678;0.082297369450234;0.3876698014629049;0.612330198537095
original_glcm_ClusterTendency_ART;nonrim_APHE;-0.17920848685985918;0.08230058638428074;0.38766980146290486;0.6123301985370951
original_glszm_SmallAreaHighGrayLevelEmphasis_TARD;Satellite_nodule;0.1789572832266353;0.08273102231510447;0.6416666666666666;0.6416666666666666
original_firstorder_InterquartileRange_delta_ART_PORT;Size_mm;-0.1787770233671835;0.48356475006274796;;
original_gldm_SmallDependenceEmphasis_PORT;APHE_heterogeneous;-0.17869075264435252;0.0831897139695694;0.3942218080149115;0.6057781919850884
original_glrlm_RunPercentage_ART;APHE_heterogeneous;-0.17869075264435252;0.0831897139695694;0.39422180801491147;0.6057781919850885
original_glrlm_RunLengthNonUniformityNormalized_PORT;Necrosis;-0.17853480004414404;0.08345905806386379;0.37580437580437576;0.6241956241956242
original_glcm_SumEntropy_TARD;Nonperiph_washout;-0.17847473237432754;0.08356298853204237;0.3901209677419355;0.6098790322580645
original_firstorder_Energy_TARD;nonrim_APHE;-0.17837495901399936;0.08373585031486094;0.38819226750261226;0.6118077324973877
original_firstorder_TotalEnergy_TARD;nonrim_APHE;-0.17837495901399936;0.08373585031486094;0.38819226750261226;0.6118077324973877
original_glrlm_ShortRunEmphasis_TARD;nonrim_APHE;-0.17837495901399936;0.08373585031486094;0.3881922675026124;0.6118077324973876
original_gldm_DependenceEntropy_TARD;nonrim_APHE;-0.17837495901399936;0.08373585031486094;0.3881922675026124;0.6118077324973876
original_glrlm_RunPercentage_PORT;APHE_heterogeneous;-0.17790356871199856;0.08455647438120972;0.3946877912395153;0.6053122087604847
original_glrlm_GrayLevelNonUniformity_ART;Nonperiph_washout;0.1776560409414178;0.08498998371115186;0.609375;0.609375
original_firstorder_Median_TARD;Necrosis;-0.17762155960347972;0.08505051520311845;0.37644787644787636;0.6235521235521236
original_glszm_SmallAreaLowGrayLevelEmphasis_ART;Necrosis;-0.17760974926671325;0.08507125609307072;0.3764478764478765;0.6235521235521235
original_glrlm_LowGrayLevelRunEmphasis_ART;nonrim_APHE;0.17754143116813956;0.08519131416410182;0.6112852664576802;0.6112852664576802
original_glcm_Id_ART;nonrim_APHE;0.17754143116813956;0.08519131416410182;0.6112852664576802;0.6112852664576802
original_glcm_Idm_ART;nonrim_APHE;0.17754143116813956;0.08519131416410182;0.6112852664576802;0.6112852664576802
original_glcm_SumSquares_ART;nonrim_APHE;-0.17754143116813956;0.08519131416410182;0.38871473354231967;0.6112852664576803
original_firstorder_90Percentile_delta_TARD_ART;Portal_thrombosis;0.17705755717709235;0.08604557122376896;0.6441798941798942;0.6441798941798942
original_shape_Elongation_TARD;Satellite_nodule;-0.176851903423969;0.08641073297370011;0.36;0.64
original_glszm_GrayLevelVariance_TARD;Satellite_nodule;0.176851903423969;0.08641073297370011;0.64;0.64
original_glcm_InverseVariance_TARD;Satellite_nodule;0.176851903423969;0.08641073297370011;0.6399999999999999;0.6399999999999999
original_glrlm_RunLengthNonUniformityNormalized_ART;nonrim_APHE;-0.17670790332227976;0.08666716583793962;0.3892371995820272;0.6107628004179728
original_glcm_ClusterTendency_TARD;Necrosis;0.17668469848928248;0.08670854602649296;0.6229086229086228;0.6229086229086228
original_gldm_LargeDependenceEmphasis_ART;APHE_heterogeneous;0.1763292008472906;0.08734448624009897;0.6043802423112767;0.6043802423112767
original_firstorder_Kurtosis_TARD;APHE_heterogeneous;0.1763292008472906;0.08734448624009897;0.6043802423112768;0.6043802423112768
original_glszm_LargeAreaLowGrayLevelEmphasis_TARD;APHE_heterogeneous;0.1763292008472906;0.08734448624009897;0.6043802423112767;0.6043802423112767
original_glcm_SumAverage_TARD;APHE_heterogeneous;0.1763292008472906;0.08734448624009897;0.6043802423112767;0.6043802423112767
original_shape_Elongation_ART;Nonperiph_washout;0.17601865807559827;0.08790308279986846;0.608366935483871;0.608366935483871
original_glszm_ZoneVariance_PORT;Satellite_nodule;0.1757992135226358;0.08829954875320822;0.6391666666666667;0.6391666666666667
original_gldm_LargeDependenceLowGrayLevelEmphasis_TARD;Satellite_nodule;-0.1757992135226358;0.08829954875320822;0.36083333333333334;0.6391666666666667
original_glszm_SizeZoneNonUniformityNormalized_TARD;APHE_heterogeneous;-0.17554201691493662;0.08876605414420839;0.3960857409133271;0.6039142590866728
original_glszm_SmallAreaHighGrayLevelEmphasis_ART;Portal_thrombosis;0.17542826450672633;0.08897301170181528;0.6428571428571429;0.6428571428571429
original_firstorder_Mean_delta_ART_PORT;Portal_thrombosis;-0.17542826450672633;0.08897301170181528;0.35714285714285715;0.6428571428571428
original_firstorder_Uniformity_TARD;Nonperiph_washout;0.1751999666426885;0.08938954265784231;0.6078629032258064;0.6078629032258064
original_glszm_SmallAreaHighGrayLevelEmphasis_TARD;Nonperiph_washout;-0.1751999666426885;0.08938954265783913;0.3921370967741935;0.6078629032258065
original_glrlm_LongRunHighGrayLevelEmphasis_PORT;nonrim_APHE;-0.1750408476305601;0.08968078399843661;0.39028213166144193;0.609717868338558
original_glrlm_GrayLevelNonUniformityNormalized_ART;nonrim_APHE;0.1750408476305601;0.08968078399843661;0.609717868338558;0.609717868338558
original_glcm_DifferenceAverage_ART;nonrim_APHE;-0.1750408476305601;0.08968078399843661;0.390282131661442;0.609717868338558
original_glcm_Imc2_TARD;nonrim_APHE;-0.1750408476305601;0.08968078399843661;0.390282131661442;0.609717868338558
original_glszm_HighGrayLevelZoneEmphasis_TARD;Necrosis;0.17483459693442083;0.09005942859976258;0.6216216216216216;0.6216216216216216
original_gldm_DependenceVariance_TARD;Necrosis;0.17483459693442083;0.09005942859976258;0.6216216216216216;0.6216216216216216
original_glcm_Imc2_PORT;nonrim_APHE;-0.17420731978470033;0.09121892589850876;0.39080459770114945;0.6091954022988506
original_glcm_SumEntropy_TARD;nonrim_APHE;-0.17420731978470033;0.09121892589850876;0.3908045977011494;0.6091954022988506
original_glrlm_ShortRunHighGrayLevelEmphasis_PORT;APHE_heterogeneous;0.17396764905022866;0.09166510446324803;0.602982292637465;0.602982292637465
original_glcm_ClusterTendency_PORT;APHE_heterogeneous;0.17396764905022866;0.09166510446324803;0.6029822926374651;0.6029822926374651
original_glcm_JointEntropy_TARD;APHE_heterogeneous;0.17396764905022866;0.09166510446324803;0.6029822926374651;0.6029822926374651
original_firstorder_Median_delta_ART_PORT;nonrim_APHE;0.17380576209825813;0.09196746947394441;0.6089341692789969;0.6089341692789969
original_firstorder_InterquartileRange_TARD;Satellite_nodule;0.17372180070668908;0.09212460397403138;0.6375;0.6375
original_glcm_JointEntropy_TARD;Satellite_nodule;0.17369383371996952;0.09217699229803665;0.6375;0.6375
original_glcm_ClusterTendency_TARD;Nonperiph_washout;-0.17356258377686903;0.09242317209504768;0.3931451612903226;0.6068548387096774
original_gldm_DependenceNonUniformity_ART;Late_enhancement;0.17347030088390866;0.09259657901335183;0.6137142857142857;0.6137142857142857
original_firstorder_Maximum_PORT;nonrim_APHE;-0.17337621883458926;0.09277363551441047;0.39132706374085685;0.6086729362591432
original_glrlm_HighGrayLevelRunEmphasis_ART;nonrim_APHE;-0.1733737919388405;0.09277820637299966;0.39132706374085685;0.6086729362591432
original_ngtdm_Contrast_ART;nonrim_APHE;-0.1733737919388405;0.09277820637299966;0.39132706374085685;0.6086729362591432
original_glcm_DifferenceVariance_PORT;Portal_thrombosis;0.17326248346343345;0.0929880411026751;0.6410934744268078;0.6410934744268078
original_gldm_LowGrayLevelEmphasis_ART;Portal_thrombosis;-0.17326248346343345;0.0929880411026751;0.35890652557319225;0.6410934744268078
original_gldm_LargeDependenceEmphasis_PORT;APHE_heterogeneous;0.1731804651178747;0.09314290274911868;0.602516309412861;0.602516309412861
original_glszm_GrayLevelNonUniformityNormalized_PORT;Necrosis;-0.17298449537955926;0.0935137580452206;0.3796653796653796;0.6203346203346204
original_glrlm_LongRunHighGrayLevelEmphasis_ART;Necrosis;0.17298449537955926;0.0935137580452206;0.6203346203346204;0.6203346203346204
original_glszm_GrayLevelNonUniformityNormalized_ART;Necrosis;-0.17298449537955926;0.0935137580452206;0.37966537966537967;0.6203346203346203
original_glrlm_RunLengthNonUniformityNormalized_TARD;Necrosis;-0.17298449537955926;0.0935137580452206;0.3796653796653796;0.6203346203346204
original_glcm_InverseVariance_TARD;Shape;0.172875832662344;0.18242709678694458;;
original_glcm_DifferenceEntropy_ART;nonrim_APHE;-0.1725402640929807;0.09435881269836553;0.3918495297805643;0.6081504702194357
original_glrlm_GrayLevelVariance_ART;Shape;0.17248860071031832;0.2322218952198623;;
original_glrlm_LongRunEmphasis_TARD;APHE_heterogeneous;0.17239328118552072;0.09463976010153105;0.6020503261882572;0.6020503261882572
original_glcm_ClusterProminence_ART;Portal_thrombosis;0.17217959294178695;0.09504940534933927;0.6402116402116402;0.6402116402116402
original_glszm_SmallAreaHighGrayLevelEmphasis_TARD;Necrosis;0.17205944460212844;0.09528035557909269;0.6196911196911197;0.6196911196911197
original_glszm_LargeAreaHighGrayLevelEmphasis_ART;nonrim_APHE;0.17170673624712088;0.09596093190797136;0.6076280041797283;0.6076280041797283
original_firstorder_90Percentile_delta_ART_PORT;Portal_thrombosis;-0.17164175161895937;0.09608674792486693;0.3602292768959436;0.6397707231040564
original_gldm_SmallDependenceEmphasis_ART;APHE_heterogeneous;-0.17160609725316675;0.09615583401373454;0.3984156570363467;0.6015843429636534
original_firstorder_Minimum_PORT;nonrim_APHE;-0.17130196196283826;0.09674676223265573;0.3926332288401254;0.6073667711598746
original_gldm_GrayLevelNonUniformity_PORT;nonrim_APHE;0.17087320840126108;0.0975847507518269;0.6071055381400209;0.6071055381400209
original_glszm_SmallAreaEmphasis_TARD;nonrim_APHE;-0.17087320840126108;0.0975847507518269;0.3928944618599791;0.6071055381400209
original_ngtdm_Contrast_TARD;Shape;-0.170598908784433;0.08562580298490363;;
original_glrlm_LowGrayLevelRunEmphasis_ART;Satellite_nodule;-0.1705357640159701;0.09824834872949226;0.365;0.635
original_glszm_SmallAreaHighGrayLevelEmphasis_ART;Satellite_nodule;0.1705357640159701;0.09824834872949226;0.635;0.635
original_firstorder_MeanAbsoluteDeviation_delta_ART_PORT;Size_mm;-0.1703876853823103;0.3001789337247455;;
original_ngtdm_Busyness_ART;Shape;0.1703665696132176;0.007118318793154431;;
original_glcm_SumEntropy_ART;Shape;0.17021167683240732;0.22621968145273916;;
original_glrlm_GrayLevelNonUniformityNormalized_PORT;APHE_heterogeneous;-0.17003172938845879;0.09924626030461632;0.3993476234855545;0.6006523765144455
original_glrlm_LongRunLowGrayLevelEmphasis_TARD;Satellite_nodule;-0.16948307411463692;0.10034169038746257;0.36583333333333334;0.6341666666666667
original_glcm_JointEnergy_TARD;Satellite_nodule;-0.16948307411463692;0.10034169038746257;0.36583333333333334;0.6341666666666667
original_firstorder_Mean_delta_TARD_ART;Shape;0.1693907450941129;0.25390511781957376;;
original_glcm_Contrast_ART;nonrim_APHE;-0.16920615270954148;0.10089823268116595;0.3939393939393939;0.6060606060606061
original_gldm_SmallDependenceEmphasis_TARD;nonrim_APHE;-0.16920615270954148;0.10089823268116595;0.393939393939394;0.606060606060606
original_shape_Flatness_ART;Late_enhancement;-0.1691117506104436;0.10108851828337007;0.3891428571428572;0.6108571428571428
original_firstorder_RootMeanSquared_delta_ART_PORT;Portal_thrombosis;-0.1689309213768476;0.10145381261421002;0.36243386243386244;0.6375661375661376
original_glcm_InverseVariance_PORT;Satellite_nodule;0.1684303842133038;0.10247043485975167;0.6333333333333333;0.6333333333333333
original_gldm_GrayLevelVariance_ART;nonrim_APHE;-0.16837262486368165;0.10258826748157916;0.3944618599791013;0.6055381400208987
original_glszm_GrayLevelVariance_PORT;Necrosis;0.16835924149240525;0.10261558575723227;0.617117117117117;0.617117117117117
original_glcm_SumSquares_TARD;Necrosis;0.16835924149240525;0.10261558575723227;0.6171171171171171;0.6171171171171171
original_glcm_ClusterTendency_ART;Shape;0.16813611356954972;0.2379075372652977;;
original_firstorder_Entropy_TARD;Nonperiph_washout;-0.16783174374650067;0.10369693624161971;0.3966733870967742;0.6033266129032258
original_firstorder_Entropy_PORT;APHE_heterogeneous;0.16767017759139685;0.10402994633791905;0.5992544268406337;0.5992544268406337
original_glrlm_GrayLevelVariance_PORT;APHE_heterogeneous;0.16767017759139685;0.10402994633791905;0.5992544268406337;0.5992544268406337
original_glcm_SumSquares_PORT;APHE_heterogeneous;0.16767017759139685;0.10402994633791905;0.5992544268406337;0.5992544268406337
original_glrlm_ShortRunEmphasis_ART;nonrim_APHE;-0.16753909701782183;0.10430074526243845;0.3949843260188088;0.6050156739811912
original_glcm_ClusterProminence_TARD;nonrim_APHE;-0.16753909701782183;0.10430074526243845;0.3949843260188088;0.6050156739811912
original_glcm_MCC_ART;Late_enhancement;0.16736833050105762;0.10465437073853193;0.6097142857142857;0.6097142857142857
original_glcm_ClusterShade_TARD;Size_mm;0.1671807502337487;0.6833122597560151;;
original_gldm_SmallDependenceHighGrayLevelEmphasis_ART;Size_mm;0.16715274206651234;0.7946650821662636;;
original_glszm_SmallAreaLowGrayLevelEmphasis_TARD;Necrosis;-0.16650913993754368;0.10644806036334942;0.3841698841698842;0.6158301158301158
original_glszm_SmallAreaLowGrayLevelEmphasis_TARD;Nonperiph_washout;0.1661943608806812;0.10711127662084624;0.6023185483870968;0.6023185483870968
original_glszm_LowGrayLevelZoneEmphasis_PORT;Necrosis;-0.16558408916011289;0.10840639659079343;0.3848133848133848;0.6151866151866152
original_glszm_GrayLevelVariance_ART;Necrosis;0.16558408916011289;0.10840639659078924;0.6151866151866152;0.6151866151866152
original_firstorder_Variance_TARD;Necrosis;0.16558408916011289;0.10840639659078924;0.6151866151866152;0.6151866151866152
original_gldm_GrayLevelVariance_TARD;Necrosis;0.16558408916011289;0.10840639659078924;0.6151866151866152;0.6151866151866152
original_glcm_SumEntropy_TARD;Necrosis;0.16558408916011289;0.10840639659078924;0.6151866151866151;0.6151866151866151
original_firstorder_MeanAbsoluteDeviation_TARD;Nonperiph_washout;-0.16537566944777138;0.10885153330116565;0.39818548387096775;0.6018145161290323
original_glcm_ClusterProminence_ART;APHE_heterogeneous;0.16530862579433495;0.10899503011124345;0.597856477166822;0.597856477166822
original_glrlm_RunEntropy_PORT;nonrim_APHE;-0.1650385134802424;0.109574680912361;0.396551724137931;0.603448275862069
original_glcm_ClusterTendency_TARD;nonrim_APHE;-0.1650385134802424;0.109574680912361;0.39655172413793105;0.603448275862069
original_firstorder_Minimum_PORT;Nonperiph_washout;-0.16497787073890646;0.10970515229925366;0.3984375;0.6015625
original_glrlm_HighGrayLevelRunEmphasis_ART;Portal_thrombosis;0.1645993592902618;0.11052228761847556;0.6340388007054674;0.6340388007054674
original_shape_Flatness_ART;Nonperiph_washout;0.16455697801486166;0.11061407932375078;0.6013104838709677;0.6013104838709677
original_glcm_Idn_ART;Nonperiph_washout;0.16455697801486166;0.11061407932375078;0.6013104838709677;0.6013104838709677
original_ngtdm_Complexity_ART;Satellite_nodule;0.1642196246079712;0.11134688653313822;0.63;0.63
original_gldm_SmallDependenceEmphasis_ART;nonrim_APHE;-0.1642049856343826;0.11137877219450165;0.39707419017763845;0.6029258098223615
original_ngtdm_Complexity_ART;nonrim_APHE;-0.1642049856343826;0.11137877219450165;0.39707419017763845;0.6029258098223615
original_shape_Flatness_PORT;Nonperiph_washout;0.16373828658195191;0.11239908770654437;0.6008064516129031;0.6008064516129031
original_shape_SurfaceVolumeRatio_ART;Nonperiph_washout;-0.16373828658195191;0.11239908770654437;0.39919354838709675;0.6008064516129032
original_glcm_ClusterProminence_TARD;Nonperiph_washout;-0.16373828658195191;0.11239908770654437;0.39919354838709675;0.6008064516129032
original_glcm_SumSquares_TARD;Nonperiph_washout;-0.16373828658195191;0.11239908770654437;0.39919354838709675;0.6008064516129032
original_firstorder_Kurtosis_delta_TARD_ART;Nonperiph_washout;-0.16373828658195191;0.11239908770654437;0.39919354838709675;0.6008064516129032
original_firstorder_Maximum_TARD;APHE_heterogeneous;0.16373597689137506;0.11240415550621613;0.5969245107176142;0.5969245107176142
original_glrlm_GrayLevelNonUniformityNormalized_TARD;Necrosis;-0.16373398760525126;0.1124085204359616;0.3861003861003861;0.6138996138996139
original_ngtdm_Complexity_TARD;Necrosis;0.16373398760525126;0.1124085204359616;0.6138996138996138;0.6138996138996138
original_firstorder_InterquartileRange_TARD;nonrim_APHE;-0.1633977627372505;0.11314819366468977;0.39759665621734586;0.6024033437826541
original_glszm_GrayLevelNonUniformityNormalized_TARD;nonrim_APHE;0.16337145778852277;0.11320622424844473;0.6024033437826541;0.6024033437826541
original_glrlm_RunLengthNonUniformityNormalized_ART;APHE_heterogeneous;-0.162947073997273;0.1141456895148937;0.40354147250698974;0.5964585274930103
original_glrlm_ShortRunEmphasis_PORT;Necrosis;-0.16280893682782047;0.11445280652787536;0.3867438867438867;0.6132561132561133
original_gldm_DependenceVariance_PORT;Necrosis;0.16280893682782047;0.11445280652787536;0.6132561132561133;0.6132561132561133
original_glrlm_RunVariance_ART;Portal_thrombosis;0.16243357824696886;0.11529061707139389;0.6322751322751323;0.6322751322751323
original_firstorder_Kurtosis_delta_TARD_ART;Late_enhancement;0.16213807017289955;0.115953586137955;0.6062857142857143;0.6062857142857143
original_gldm_GrayLevelVariance_TARD;Nonperiph_washout;-0.1621009037161324;0.11603718036665062;0.40020161290322587;0.5997983870967741
original_glrlm_GrayLevelNonUniformityNormalized_ART;Shape;-0.16194040233713886;0.2628501159397882;;
original_glrlm_GrayLevelVariance_ART;nonrim_APHE;-0.16170440209680315;0.11693193633604652;0.3986415882967607;0.6013584117032393
original_glrlm_LongRunLowGrayLevelEmphasis_ART;nonrim_APHE;0.16170440209680315;0.11693193633604652;0.6013584117032392;0.6013584117032392
original_glszm_ZonePercentage_TARD;nonrim_APHE;-0.16170440209680315;0.11693193633604652;0.3986415882967608;0.6013584117032392
original_glszm_HighGrayLevelZoneEmphasis_ART;APHE_heterogeneous;0.16137270613256507;0.11768460441594494;0.5955265610438024;0.5955265610438024
original_glcm_Contrast_PORT;Portal_thrombosis;0.16135068772532238;0.11773470174866449;0.6313932980599648;0.6313932980599648
original_firstorder_Range_ART;nonrim_APHE;-0.16129610508694656;0.11785896293755978;0.39890282131661436;0.6010971786833856
original_firstorder_RobustMeanAbsoluteDeviation_TARD;Nonperiph_washout;-0.16128221228322262;0.11789060729872557;0.40070564516129037;0.5992943548387096
original_firstorder_Variance_TARD;Nonperiph_washout;-0.16128221228322262;0.11789060729872557;0.4007056451612903;0.5992943548387097
original_glszm_LargeAreaLowGrayLevelEmphasis_PORT;Shape;-0.16121240626733055;0.16639235096451616;;
original_firstorder_Mean_TARD;Necrosis;-0.16095883527295887;0.11862906497932013;0.38803088803088803;0.611969111969112
original_glcm_ClusterProminence_ART;nonrim_APHE;-0.16087087425094335;0.11883055726858292;0.3991640543364682;0.6008359456635318
original_glcm_DifferenceVariance_ART;nonrim_APHE;-0.16087087425094335;0.11883055726858292;0.3991640543364682;0.6008359456635318
original_glszm_GrayLevelVariance_TARD;nonrim_APHE;-0.16087087425094335;0.11883055726858292;0.3991640543364681;0.6008359456635319
original_glcm_DifferenceEntropy_PORT;Portal_thrombosis;0.16026779720367593;0.12021925955629705;0.6305114638447972;0.6305114638447972
original_glrlm_RunEntropy_ART;nonrim_APHE;-0.16003734640508357;0.1207532606795868;0.3996865203761755;0.6003134796238245
original_gldm_LargeDependenceEmphasis_TARD;nonrim_APHE;0.16003734640508357;0.1207532606795868;0.6003134796238244;0.6003134796238244
original_gldm_DependenceNonUniformityNormalized_PORT;APHE_heterogeneous;-0.1597983382678571;0.12130904999034253;0.4054054054054054;0.5945945945945946
original_firstorder_90Percentile_delta_ART_PORT;nonrim_APHE;0.15962393408370534;0.12171587058870811;0.6000522466039707;0.6000522466039707
original_glszm_LowGrayLevelZoneEmphasis_TARD;Necrosis;-0.15910873371809728;0.12292387475975135;0.38931788931788935;0.6106821106821106
original_glcm_SumSquares_ART;Shape;0.15873412177436622;0.28481625686670703;;
original_ngtdm_Contrast_TARD;nonrim_APHE;-0.15837029071336392;0.12467162724043959;0.4007314524555904;0.5992685475444096
original_shape_Maximum2DDiameterSlice_TARD;Late_enhancement;0.15822755696856758;0.12501167473586572;0.6037142857142858;0.6037142857142858
original_glcm_MaximumProbability_PORT;Satellite_nodule;-0.1579034851999723;0.12578642463894033;0.375;0.625
original_glrlm_RunVariance_ART;Satellite_nodule;0.1579034851999723;0.12578642463894033;0.625;0.625
original_gldm_GrayLevelVariance_ART;Shape;0.1575259580840461;0.29134995665706515;;
original_glrlm_GrayLevelVariance_ART;Portal_thrombosis;0.15701912563873655;0.12791967671539684;0.6278659611992946;0.6278659611992946
original_glcm_DifferenceVariance_TARD;Portal_thrombosis;0.15701912563873655;0.12791967671539684;0.6278659611992945;0.6278659611992945
original_firstorder_Entropy_ART;Shape;0.15695285479504809;0.28262030589916365;;
original_gldm_DependenceNonUniformity_TARD;Late_enhancement;0.1569078098447415;0.1281901743451108;0.6028571428571429;0.6028571428571429
original_gldm_LargeDependenceLowGrayLevelEmphasis_ART;nonrim_APHE;0.15670323502164432;0.12868845095652184;0.5982236154649947;0.5982236154649947
original_firstorder_Mean_delta_ART_PORT;Shape;-0.15665855851150856;0.3082873880768396;;
original_gldm_DependenceVariance_PORT;Shape;-0.15645719789645524;0.16373503620110708;;
original_glrlm_LongRunEmphasis_TARD;nonrim_APHE;0.1558697071757845;0.1307342219386495;0.5977011494252873;0.5977011494252873
original_glrlm_RunEntropy_TARD;nonrim_APHE;-0.1558697071757845;0.1307342219386495;0.40229885057471265;0.5977011494252873
original_glrlm_RunPercentage_TARD;nonrim_APHE;-0.1558697071757845;0.1307342219386495;0.4022988505747126;0.5977011494252874
original_firstorder_Uniformity_PORT;APHE_heterogeneous;-0.15586241860608724;0.13075222126938116;0.407735321528425;0.592264678471575
original_glcm_SumEntropy_ART;APHE_heterogeneous;0.15586241860608724;0.13075222126938116;0.592264678471575;0.592264678471575
original_glszm_LargeAreaLowGrayLevelEmphasis_TARD;Shape;-0.1556982232704849;0.17499268208717383;;
original_shape_Elongation_ART;Late_enhancement;-0.15516438973535548;0.13248494739998212;0.3982857142857143;0.6017142857142856
original_glcm_ClusterTendency_ART;APHE_heterogeneous;0.15507523467373327;0.1327075330248502;0.5917986952469712;0.5917986952469712
original_firstorder_Entropy_TARD;nonrim_APHE;-0.15503617932992467;0.13280513024015522;0.40282131661442006;0.5971786833855799
original_firstorder_RobustMeanAbsoluteDeviation_TARD;nonrim_APHE;-0.15503617932992467;0.13280513024015522;0.40282131661442006;0.5971786833855799
original_glrlm_RunLengthNonUniformityNormalized_PORT;Size_mm;-0.154976191360511;0.9217644316952592;;
original_firstorder_InterquartileRange_TARD;Nonperiph_washout;-0.15475759481220835;0.13350291086604385;0.40473790322580644;0.5952620967741935
original_glrlm_GrayLevelVariance_TARD;Nonperiph_washout;-0.15473268081994454;0.13356545177679532;0.40473790322580644;0.5952620967741935
original_firstorder_Range_TARD;nonrim_APHE;-0.15462428536949302;0.1338378178058921;0.40308254963427376;0.5969174503657262
original_glrlm_LongRunLowGrayLevelEmphasis_ART;Necrosis;0.15448347983094327;0.13419226220516017;0.6074646074646074;0.6074646074646074
original_glrlm_RunLengthNonUniformityNormalized_PORT;APHE_heterogeneous;-0.15428805074137925;0.13468541077723423;0.40866728797763274;0.5913327120223673
original_gldm_HighGrayLevelEmphasis_ART;nonrim_APHE;-0.1542026514840649;0.13490134783069238;0.40334378265412746;0.5966562173458725
original_glcm_Imc1_ART;Shape;-0.15413380618430117;0.12971248558420514;;
original_firstorder_90Percentile_TARD;Shape;0.15405238888081563;0.25116949561136026;;
original_glszm_HighGrayLevelZoneEmphasis_PORT;Necrosis;0.15355842905351247;0.1365389342069545;0.6068211068211068;0.6068211068211068
original_ngtdm_Complexity_PORT;Necrosis;0.15355842905351247;0.1365389342069545;0.6068211068211069;0.6068211068211069
original_firstorder_Entropy_TARD;Necrosis;0.15355842905351247;0.1365389342069545;0.6068211068211068;0.6068211068211068
original_glrlm_ShortRunLowGrayLevelEmphasis_TARD;Necrosis;-0.15355842905351247;0.1365389342069545;0.3931788931788932;0.6068211068211068
original_gldm_DependenceNonUniformityNormalized_ART;APHE_heterogeneous;-0.1535008668090253;0.1366859984248902;0.4091332712022367;0.5908667287977634
original_firstorder_Variance_TARD;nonrim_APHE;-0.15336912363820507;0.13702304545571486;0.40386624869383486;0.5961337513061651
original_glrlm_GrayLevelVariance_TARD;nonrim_APHE;-0.15336912363820507;0.13702304545571486;0.4038662486938349;0.5961337513061651
original_glrlm_RunLengthNonUniformityNormalized_TARD;nonrim_APHE;-0.15336912363820507;0.13702304545571486;0.4038662486938349;0.5961337513061651
original_glcm_DifferenceEntropy_TARD;nonrim_APHE;-0.15336912363820507;0.13702304545571486;0.40386624869383486;0.5961337513061651
Age_at_disease;Nonperiph_washout;-0.15316445625680894;0.1375479303817142;0.4057459677419355;0.5942540322580645
original_glrlm_GrayLevelNonUniformityNormalized_ART;APHE_heterogeneous;-0.15271368287667134;0.13870943885768816;0.40959925442684064;0.5904007455731594
original_shape_Flatness_TARD;Portal_thrombosis;-0.1526875635521507;0.1387769714215844;0.3756613756613757;0.6243386243386243
original_glcm_DifferenceEntropy_TARD;Portal_thrombosis;0.1526875635521507;0.1387769714215844;0.6243386243386244;0.6243386243386244
original_gldm_GrayLevelVariance_TARD;nonrim_APHE;-0.15253559579234527;0.13917039258792777;0.4043887147335423;0.5956112852664577
original_firstorder_Median_delta_TARD_ART;Size_mm;0.15240530675333025;0.7491157978648519;;
original_glcm_Imc1_PORT;Shape;-0.15194981797487633;0.1542964208962552;;
original_gldm_GrayLevelVariance_PORT;APHE_heterogeneous;0.15192649894431737;0.1407558739203954;0.5899347623485555;0.5899347623485555
original_glszm_LowGrayLevelZoneEmphasis_ART;APHE_heterogeneous;-0.15192649894431737;0.1407558739203954;0.4100652376514446;0.5899347623485554
original_gldm_SmallDependenceEmphasis_TARD;APHE_heterogeneous;-0.15192649894431737;0.1407558739203954;0.41006523765144454;0.5899347623485555
original_glcm_ClusterProminence_PORT;Necrosis;0.1517083274986509;0.14132714091446794;0.6055341055341056;0.6055341055341056
original_glcm_Imc2_ART;nonrim_APHE;-0.15170206794648544;0.14134355737845228;0.40491118077324967;0.5950888192267503
original_ngtdm_Complexity_TARD;nonrim_APHE;-0.15170206794648544;0.14134355737845228;0.4049111807732498;0.5950888192267503
original_shape_Elongation_TARD;Late_enhancement;-0.15167754951658347;0.14140787416140824;0.4005714285714286;0.5994285714285714
original_glszm_LargeAreaEmphasis_PORT;Satellite_nodule;0.15158734579197342;0.14164469029513038;0.62;0.62
Gender;Size_mm;-0.15155521490803667;0.4484898094358726;;
original_glrlm_GrayLevelVariance_ART;APHE_heterogeneous;0.1511393150119634;0.14282544437578495;0.5894687791239516;0.5894687791239516
original_gldm_DependenceEntropy_ART;nonrim_APHE;-0.15086854010062564;0.14354270660772533;0.4054336468129571;0.5945663531870429
original_gldm_LowGrayLevelEmphasis_ART;nonrim_APHE;0.15086854010062564;0.14354270660772533;0.5945663531870429;0.5945663531870429
original_glcm_MaximumProbability_TARD;nonrim_APHE;0.15086854010062564;0.14354270660772533;0.5945663531870429;0.5945663531870429
original_firstorder_Kurtosis_delta_ART_PORT;nonrim_APHE;0.15086854010062564;0.14354270660772533;0.5945663531870429;0.5945663531870429
original_glszm_ZoneEntropy_TARD;Late_enhancement;0.15080583946189044;0.14370918913675684;0.5988571428571429;0.5988571428571429
original_glcm_ClusterTendency_PORT;Necrosis;0.15078327672122008;0.14376913386863696;0.6048906048906049;0.6048906048906049
original_ngtdm_Complexity_ART;Necrosis;0.15078327672122008;0.14376913386863696;0.6048906048906049;0.6048906048906049
original_glrlm_GrayLevelNonUniformityNormalized_TARD;Nonperiph_washout;0.15063922365539575;0.14415230644213406;0.592741935483871;0.592741935483871
original_gldm_SmallDependenceHighGrayLevelEmphasis_ART;Shape;0.15054029366950286;0.3288270438995514;;
original_glcm_MaximumProbability_TARD;Satellite_nodule;-0.15053465589064027;0.14443094052011798;0.38083333333333336;0.6191666666666666
original_shape_Maximum3DDiameter_TARD;Late_enhancement;0.15037261555735906;0.14486353272492825;0.5985714285714285;0.5985714285714285
original_ngtdm_Complexity_ART;APHE_heterogeneous;0.15035213107960937;0.14491828986766817;0.5890027958993476;0.5890027958993476
original_firstorder_MeanAbsoluteDeviation_TARD;nonrim_APHE;-0.15003501225476584;0.14576800563622686;0.40595611285266453;0.5940438871473355
original_glcm_JointEntropy_TARD;nonrim_APHE;-0.15003501225476584;0.14576800563622686;0.4059561128526646;0.5940438871473355
original_glcm_SumEntropy_PORT;Necrosis;0.14985822594378928;0.14624335518814818;0.6042471042471043;0.6042471042471043
original_firstorder_90Percentile_delta_TARD_ART;Size_mm;0.14981988089150577;0.5335747292743286;;
original_glcm_JointEntropy_PORT;APHE_heterogeneous;0.1495649471472554;0.14703454888374756;0.5885368126747437;0.5885368126747437
original_shape_Maximum3DDiameter_ART;Late_enhancement;0.14949984388533083;0.1472106245206058;0.5980000000000001;0.5980000000000001
original_glcm_Idn_PORT;nonrim_APHE;0.14920148440890602;0.14801961835494626;0.5935214211076281;0.5935214211076281
original_firstorder_Uniformity_TARD;nonrim_APHE;0.14920148440890602;0.14801961835494626;0.593521421107628;0.593521421107628
original_glrlm_RunVariance_TARD;nonrim_APHE;0.14920148440890602;0.14801961835494626;0.5935214211076281;0.5935214211076281
original_glcm_Id_TARD;nonrim_APHE;0.14920148440890602;0.14801961835494626;0.5935214211076281;0.5935214211076281
original_glcm_Idm_TARD;nonrim_APHE;0.14920148440890602;0.14801961835494626;0.5935214211076281;0.5935214211076281
original_glcm_SumSquares_TARD;nonrim_APHE;-0.14920148440890602;0.14801961835494068;0.40647857889237204;0.593521421107628
original_firstorder_Median_delta_TARD_ART;Satellite_nodule;0.14896135524373016;0.14867318569541532;0.6179166666666668;0.6179166666666668
original_glcm_ClusterProminence_ART;Necrosis;0.1489331751663585;0.1487500285715034;0.6036036036036035;0.6036036036036035
original_firstorder_Entropy_ART;APHE_heterogeneous;0.14877776321490147;0.14917435871829168;0.5880708294501399;0.5880708294501399
original_shape_Maximum2DDiameterColumn_ART;Late_enhancement;0.14863540698012526;0.14956385225002966;0.5974285714285714;0.5974285714285714
original_gldm_LowGrayLevelEmphasis_ART;Satellite_nodule;-0.148429276087974;0.15012921091124104;0.3825;0.6174999999999999
original_glrlm_GrayLevelNonUniformityNormalized_TARD;nonrim_APHE;0.1483679565630462;0.1502977071356461;0.5929989550679206;0.5929989550679206
original_glcm_Contrast_TARD;nonrim_APHE;-0.1483679565630462;0.1502977071356461;0.40700104493207934;0.5929989550679207
original_glcm_DifferenceAverage_TARD;nonrim_APHE;-0.1483679565630462;0.1502977071356461;0.40700104493207934;0.5929989550679207
original_glrlm_GrayLevelNonUniformityNormalized_PORT;Necrosis;-0.14800812438892771;0.15128937539654466;0.397039897039897;0.602960102960103
original_glrlm_GrayLevelVariance_PORT;Necrosis;0.14800812438892771;0.15128937539654466;0.6029601029601029;0.6029601029601029
original_glrlm_ShortRunEmphasis_ART;APHE_heterogeneous;-0.1479905792825475;0.15133785543472342;0.41239515377446406;0.5876048462255359
original_firstorder_InterquartileRange_delta_TARD_ART;Size_mm;0.14776886124032007;0.37001422630041525;;
original_glcm_JointEnergy_TARD;nonrim_APHE;0.1475344287171864;0.15260243278095578;0.5924764890282131;0.5924764890282131
original_gldm_SmallDependenceHighGrayLevelEmphasis_TARD;Satellite_nodule;0.14737658618664082;0.1530418841588198;0.6166666666666667;0.6166666666666667
original_glcm_ClusterShade_TARD;Shape;-0.1464511242561117;0.16942321497081453;;
original_firstorder_90Percentile_delta_ART_PORT;Satellite_nodule;-0.1463269686923257;0.15598865630635297;0.38416666666666666;0.6158333333333333
original_firstorder_RootMeanSquared_delta_ART_PORT;Shape;-0.1462342743629773;0.3531210819711889;;
original_gldm_HighGrayLevelEmphasis_ART;Portal_thrombosis;0.14619022042227195;0.1563757217596423;0.6190476190476191;0.6190476190476191
original_glcm_Contrast_TARD;Portal_thrombosis;0.14619022042227195;0.1563757217596423;0.6190476190476191;0.6190476190476191
original_ngtdm_Strength_ART;Shape;-0.14614133869449114;0.007697396955412897;;
original_glrlm_ShortRunEmphasis_PORT;Shape;0.1458780209671137;0.30970108473167357;;
original_glszm_GrayLevelNonUniformityNormalized_ART;nonrim_APHE;0.14586737302546676;0.15729242972969598;0.5914315569487983;0.5914315569487983
original_glszm_GrayLevelNonUniformityNormalized_TARD;Nonperiph_washout;0.1457270750579372;0.15769206550898876;0.5897177419354839;0.5897177419354839
original_glszm_GrayLevelVariance_TARD;Nonperiph_washout;-0.1457270750579372;0.15769206550898876;0.4102822580645161;0.5897177419354839
original_firstorder_90Percentile_delta_TARD_ART;Satellite_nodule;0.14527527349783462;0.1589842404474446;0.615;0.615
original_firstorder_Maximum_TARD;Satellite_nodule;0.14527273151164194;0.15899153325500545;0.615;0.615
original_firstorder_Mean_delta_TARD_ART;Satellite_nodule;0.1452712063839745;0.15899590887729884;0.615;0.615
original_firstorder_RobustMeanAbsoluteDeviation_ART;Shape;0.14524296056579156;0.33926975440552753;;
original_glcm_DifferenceAverage_PORT;Portal_thrombosis;0.14510732990062547;0.15946660500752236;0.6181657848324515;0.6181657848324515
original_firstorder_RootMeanSquared_delta_TARD_ART;Shape;0.14505708922881924;0.36598608745536426;;
original_glszm_GrayLevelVariance_ART;nonrim_APHE;-0.14503384517960696;0.1596780143411882;0.40909090909090906;0.5909090909090909
original_gldm_DependenceVariance_ART;APHE_heterogeneous;0.14484184355313157;0.16023138720023514;0.5857409133271202;0.5857409133271202
original_firstorder_Maximum_PORT;Satellite_nodule;0.14474688757973375;0.16050559747245888;0.6145833333333334;0.6145833333333334
original_glcm_MCC_PORT;Late_enhancement;0.1447038690790394;0.16062994134164432;0.5948571428571429;0.5948571428571429
original_firstorder_Entropy_PORT;Necrosis;0.14430792127920453;0.16177783872763477;0.6003861003861004;0.6003861003861004
original_glrlm_HighGrayLevelRunEmphasis_TARD;Necrosis;0.14430792127920453;0.16177783872763477;0.6003861003861004;0.6003861003861004
original_glrlm_ShortRunEmphasis_TARD;Necrosis;-0.14430792127920453;0.16177783872763477;0.3996138996138996;0.6003861003861004
original_glszm_LargeAreaLowGrayLevelEmphasis_ART;Satellite_nodule;0.14421851648264136;0.1620378882841646;0.6141666666666666;0.6141666666666666
original_shape_Sphericity_ART;nonrim_APHE;0.14336678948788736;0.16453112590643373;0.589864158829676;0.589864158829676
original_firstorder_Mean_delta_ART_PORT;nonrim_APHE;0.14336678948788736;0.16453112590643373;0.589864158829676;0.589864158829676
original_firstorder_Skewness_delta_TARD_ART;Size_mm;-0.14331078970657288;0.8785217732224443;;
original_firstorder_MeanAbsoluteDeviation_delta_TARD_ART;Size_mm;0.1432057590794366;0.2431910003718908;;
original_firstorder_Uniformity_ART;Shape;-0.14259429401393592;0.3425376515883446;;
original_firstorder_RootMeanSquared_delta_ART_PORT;nonrim_APHE;0.14253326164202754;0.1669989553938649;0.5893416927899686;0.5893416927899686
original_firstorder_RootMeanSquared_TARD;Necrosis;-0.1424578197243429;0.16722368211658997;0.40090090090090086;0.5990990990990992
original_glszm_SmallAreaHighGrayLevelEmphasis_ART;APHE_heterogeneous;0.14169310782371566;0.16951444848271222;0.5838769804287045;0.5838769804287045
original_glrlm_LowGrayLevelRunEmphasis_PORT;Necrosis;-0.1415327689469121;0.1699977289390863;0.4015444015444016;0.5984555984555984
original_firstorder_MeanAbsoluteDeviation_TARD;Necrosis;0.1415327689469121;0.1699977289390863;0.5984555984555985;0.5984555984555985
original_gldm_DependenceNonUniformity_PORT;Late_enhancement;0.14121702886026735;0.17095242519213596;0.5925714285714285;0.5925714285714285
original_shape_MajorAxisLength_ART;Late_enhancement;0.14121702886026735;0.17095242519213596;0.5925714285714285;0.5925714285714285
original_glrlm_RunLengthNonUniformityNormalized_PORT;Shape;0.14120025898664348;0.30818135630211446;;
original_glrlm_HighGrayLevelRunEmphasis_ART;Satellite_nodule;0.14106044677864193;0.17142736579151216;0.6116666666666666;0.6116666666666666
original_glrlm_ShortRunEmphasis_PORT;APHE_heterogeneous;-0.1409059238913617;0.1718970282160932;0.41658900279589933;0.5834109972041006
original_shape_LeastAxisLength_TARD;Nonperiph_washout;0.14081492646047863;0.1721740591984893;0.5866935483870968;0.5866935483870968
original_glcm_ClusterTendency_ART;Portal_thrombosis;0.14077576781403967;0.17229337583809992;0.6146384479717814;0.6146384479717814
original_glcm_SumAverage_ART;Portal_thrombosis;0.14077576781403967;0.17229337583809992;0.6146384479717812;0.6146384479717812
original_glszm_HighGrayLevelZoneEmphasis_ART;Necrosis;0.14060771816948134;0.17280612652935576;0.5978120978120978;0.5978120978120978
original_firstorder_Uniformity_TARD;Necrosis;-0.14060771816948134;0.17280612652935576;0.4021879021879022;0.5978120978120978
original_firstorder_90Percentile_TARD;Portal_thrombosis;0.14023775787071663;0.1739389637319875;0.6141975308641976;0.6141975308641976
original_glcm_JointEnergy_TARD;APHE_heterogeneous;-0.1401187399590077;0.17430457945210842;0.4170549860205033;0.5829450139794967
original_firstorder_RootMeanSquared_delta_TARD_ART;Satellite_nodule;0.1400077568773088;0.17464602947231445;0.6108333333333333;0.6108333333333333
original_glcm_SumSquares_PORT;Necrosis;0.1396826673920505;0.17564907156252604;0.5971685971685972;0.5971685971685972
original_gldm_LargeDependenceHighGrayLevelEmphasis_ART;Necrosis;0.1396826673920505;0.17564907156252604;0.5971685971685972;0.5971685971685972
original_firstorder_Uniformity_ART;APHE_heterogeneous;-0.13933155602665373;0.17673722221397736;0.4175209692451072;0.5824790307548928
original_glrlm_LowGrayLevelRunEmphasis_ART;APHE_heterogeneous;-0.13933155602665373;0.17673722221397736;0.4175209692451072;0.5824790307548928
original_gldm_LargeDependenceEmphasis_TARD;APHE_heterogeneous;0.13933155602665373;0.17673722221397736;0.5824790307548928;0.5824790307548928
original_glszm_SmallAreaLowGrayLevelEmphasis_TARD;nonrim_APHE;0.13919915025858828;0.1771488707385195;0.587251828631139;0.587251828631139
original_glcm_DifferenceVariance_TARD;nonrim_APHE;-0.13919915025858828;0.1771488707385195;0.412748171368861;0.587251828631139
original_glcm_ClusterShade_PORT;Satellite_nodule;0.13895506697597565;0.17790959498697892;0.6100000000000001;0.6100000000000001
original_glrlm_ShortRunLowGrayLevelEmphasis_ART;Necrosis;-0.13875761661461972;0.17852675754137842;0.40347490347490345;0.5965250965250966
original_glcm_Id_PORT;Portal_thrombosis;-0.13860998677074676;0.1789892378321119;0.3871252204585538;0.6128747795414462
original_glcm_Idm_PORT;Portal_thrombosis;-0.13860998677074676;0.1789892378321119;0.38712522045855385;0.6128747795414462
original_glrlm_GrayLevelNonUniformityNormalized_ART;Portal_thrombosis;-0.13860998677074676;0.1789892378321119;0.3871252204585538;0.6128747795414462
original_glcm_Autocorrelation_ART;Portal_thrombosis;0.13860998677074676;0.1789892378321119;0.6128747795414462;0.6128747795414462
original_glcm_SumSquares_ART;APHE_heterogeneous;0.13854437209429976;0.1791950748376336;0.5820130475302889;0.5820130475302889
original_shape_Maximum2DDiameterSlice_ART;Late_enhancement;0.13816991186161856;0.18037314773719826;0.5905714285714286;0.5905714285714286
original_gldm_LargeDependenceEmphasis_PORT;Shape;-0.1379629998677088;0.27999546207713577;;
original_glcm_ClusterShade_PORT;Shape;-0.13793202131154675;0.12713482180317162;;
original_glcm_ClusterTendency_ART;Necrosis;0.13783256583718892;0.18143937471044846;0.5958815958815958;0.5958815958815958
original_glrlm_HighGrayLevelRunEmphasis_ART;APHE_heterogeneous;0.1377571881619458;0.18167825393338413;0.5815470643056849;0.5815470643056849
original_firstorder_Kurtosis_delta_TARD_ART;nonrim_APHE;-0.13753209456686868;0.18239298637445175;0.41379310344827586;0.5862068965517242
original_gldm_DependenceNonUniformityNormalized_PORT;Necrosis;-0.13690751505975812;0.18438710997019933;0.40476190476190477;0.5952380952380952
original_gldm_DependenceNonUniformityNormalized_PORT;Satellite_nodule;-0.13684968717330934;0.18457255283988386;0.39166666666666666;0.6083333333333334
original_glszm_ZonePercentage_ART;Satellite_nodule;-0.13684968717330934;0.18457255283988386;0.39166666666666666;0.6083333333333334
original_firstorder_Kurtosis_delta_ART_PORT;Satellite_nodule;0.13684968717330934;0.18457255283988386;0.6083333333333334;0.6083333333333334
original_firstorder_Range_TARD;Nonperiph_washout;-0.13672577553668505;0.18497037825983711;0.41582661290322587;0.5841733870967741
original_shape_LeastAxisLength_PORT;Nonperiph_washout;0.13672146929592982;0.18498421509080193;0.5841733870967742;0.5841733870967742
original_firstorder_Entropy_ART;Portal_thrombosis;0.13644420572745383;0.18587673236587207;0.6111111111111112;0.6111111111111112
original_firstorder_Mean_delta_TARD_ART;Size_mm;0.13628774177205916;0.6561400172040556;;
original_gldm_GrayLevelVariance_ART;APHE_heterogeneous;0.13618282029723783;0.18672104912433446;0.5806150978564771;0.5806150978564771
original_gldm_DependenceNonUniformityNormalized_ART;Shape;-0.13611977577606657;0.08263936645584961;;
original_glcm_DifferenceVariance_PORT;Satellite_nodule;0.1357969972719762;0.1879724917318287;0.6074999999999999;0.6074999999999999
original_glrlm_LongRunEmphasis_ART;Satellite_nodule;0.1357969972719762;0.1879724917318287;0.6074999999999999;0.6074999999999999
original_glrlm_RunPercentage_TARD;APHE_heterogeneous;-0.13539563636488386;0.189280889467294;0.4198508853681267;0.5801491146318734
original_gldm_GrayLevelVariance_ART;Portal_thrombosis;0.13536131520580738;0.18939308391412635;0.6102292768959435;0.6102292768959435
original_glcm_DifferenceAverage_TARD;Portal_thrombosis;0.13536131520580738;0.18939308391412635;0.6102292768959436;0.6102292768959436
original_gldm_LargeDependenceLowGrayLevelEmphasis_ART;Necrosis;0.13505741350489653;0.1903886651282262;0.5939510939510939;0.5939510939510939
original_glcm_InverseVariance_ART;Size_mm;-0.13481731299215102;0.44390161702062686;;
original_firstorder_InterquartileRange_delta_ART_PORT;Shape;-0.13475773621961745;0.1984196546269667;;
original_glcm_ClusterProminence_ART;Satellite_nodule;0.13474430737064305;0.1914184252376058;0.6066666666666666;0.6066666666666666
original_glcm_DifferenceVariance_PORT;Size_mm;0.1346212558214966;0.860080655249591;;
original_firstorder_Maximum_ART;APHE_heterogeneous;0.1346131632219566;0.19185095458271834;0.5796831314072692;0.5796831314072692
original_glcm_ClusterShade_PORT;APHE_heterogeneous;0.1346084524325299;0.19186650470136513;0.5796831314072693;0.5796831314072693
original_glrlm_ShortRunHighGrayLevelEmphasis_ART;Portal_thrombosis;0.1342784246841609;0.19295822095281195;0.609347442680776;0.609347442680776
original_gldm_GrayLevelVariance_PORT;Necrosis;0.13413236272746573;0.19344284133490564;0.5933075933075933;0.5933075933075933
original_glcm_JointEntropy_ART;Shape;0.13392029828856072;0.417528163517088;;
original_shape_Maximum3DDiameter_PORT;Late_enhancement;0.1338098347133601;0.19451612526142645;0.5877142857142857;0.5877142857142857
original_gldm_DependenceNonUniformityNormalized_ART;Satellite_nodule;-0.13369161746930988;0.19491061179038305;0.39416666666666667;0.6058333333333333
original_firstorder_Variance_delta_ART_PORT;Size_mm;-0.13364797201003356;0.19386975608647328;;
original_gldm_DependenceVariance_TARD;nonrim_APHE;0.13336445533756963;0.19600539820693383;0.5835945663531871;0.5835945663531871
Gender;Portal_thrombosis;-0.13306332241157684;0.19701705926284477;0.41534391534391535;0.5846560846560847
original_glrlm_RunLengthNonUniformityNormalized_TARD;APHE_heterogeneous;-0.13303408456782193;0.19711548751983846;0.4212488350419385;0.5787511649580614
original_glcm_SumAverage_ART;nonrim_APHE;-0.1325309274917098;0.19881499365061484;0.4169278996865204;0.5830721003134796
original_firstorder_RobustMeanAbsoluteDeviation_ART;APHE_heterogeneous;0.13224690063546796;0.19977906401723136;0.5782851817334576;0.5782851817334576
original_glcm_SumSquares_ART;Portal_thrombosis;0.132112643640868;0.2002359581858278;0.607583774250441;0.607583774250441
original_glszm_ZoneEntropy_PORT;Late_enhancement;0.13162821825864426;0.20189086326989072;0.5862857142857143;0.5862857142857143
original_glszm_GrayLevelNonUniformity_ART;Late_enhancement;0.13162821825864426;0.20189086326989072;0.5862857142857143;0.5862857142857143
original_glszm_GrayLevelVariance_ART;Satellite_nodule;0.1315862376666436;0.20203474645039787;0.6041666666666667;0.6041666666666667
original_glrlm_RunPercentage_PORT;Shape;0.13108576039973274;0.3090580961915136;;
original_glrlm_LongRunEmphasis_ART;Portal_thrombosis;0.13102975311922155;0.2039490938892065;0.6067019400352733;0.6067019400352733
original_glszm_LargeAreaHighGrayLevelEmphasis_PORT;nonrim_APHE;0.13086387179999018;0.20452228346574627;0.5820271682340648;0.5820271682340648
original_glcm_Autocorrelation_ART;nonrim_APHE;-0.13086387179999018;0.20452228346574627;0.4179728317659352;0.5820271682340648
original_glszm_GrayLevelNonUniformityNormalized_ART;Satellite_nodule;-0.13053354776531043;0.20566717961735678;0.3966666666666666;0.6033333333333334
original_gldm_HighGrayLevelEmphasis_ART;Satellite_nodule;0.13053354776531043;0.20566717961735678;0.6033333333333333;0.6033333333333333
original_gldm_HighGrayLevelEmphasis_TARD;Necrosis;0.13043215961774254;0.20601952110090269;0.5907335907335908;0.5907335907335908
original_firstorder_Energy_ART;nonrim_APHE;-0.13003034395413038;0.20742021276479677;0.41849529780564265;0.5815047021943573
original_firstorder_TotalEnergy_ART;nonrim_APHE;-0.13003034395413038;0.20742021276479677;0.41849529780564265;0.5815047021943573
original_gldm_DependenceVariance_ART;Portal_thrombosis;0.12994686259757507;0.207712085727556;0.6058201058201058;0.6058201058201058
original_glrlm_ShortRunEmphasis_PORT;Size_mm;-0.1295447755099089;0.936980903318569;;
original_firstorder_Mean_delta_ART_PORT;Necrosis;0.12950710884031175;0.20925449993984732;0.5900900900900901;0.5900900900900901
original_glcm_JointEnergy_ART;Size_mm;-0.1294817571336271;0.7775317304338323;;
original_gldm_DependenceNonUniformityNormalized_TARD;Satellite_nodule;-0.12948085786397728;0.2093468356271059;0.3975;0.6025
original_firstorder_Maximum_TARD;Necrosis;0.12904593822429664;0.21088092695116553;0.5897683397683398;0.5897683397683398
original_glcm_MCC_TARD;Late_enhancement;0.12901308809456524;0.21099712857485334;0.5845714285714285;0.5845714285714285
original_firstorder_90Percentile_delta_ART_PORT;Shape;-0.12896643719298376;0.4563942477805877;;
original_glszm_LowGrayLevelZoneEmphasis_ART;Necrosis;-0.12858205806288095;0.21252611436941587;0.4105534105534106;0.5894465894465895
original_firstorder_10Percentile_delta_TARD_ART;Satellite_nodule;0.12843266246536517;0.21305792593899817;0.6016666666666667;0.6016666666666667
original_gldm_DependenceNonUniformityNormalized_ART;Portal_thrombosis;-0.12778108155428217;0.21538862633579528;0.39594356261022934;0.6040564373897707
original_ngtdm_Coarseness_PORT;Nonperiph_washout;-0.12771586353392247;0.21562291811747494;0.4213709677419355;0.5786290322580645
original_glcm_Idmn_PORT;Nonperiph_washout;0.12771586353392247;0.21562291811747494;0.5786290322580645;0.5786290322580645
original_shape_MeshVolume_TARD;Nonperiph_washout;0.12771586353392247;0.21562291811747494;0.5786290322580646;0.5786290322580646
original_firstorder_10Percentile_delta_TARD_ART;Portal_thrombosis;0.1272440892020429;0.21732320704613814;0.6036155202821869;0.6036155202821869
original_firstorder_RootMeanSquared_delta_TARD_ART;Size_mm;0.12703804454225592;0.6239458034431777;;
original_shape_VoxelVolume_TARD;Nonperiph_washout;0.1268971721010127;0.2185796446648214;0.5781250000000001;0.5781250000000001
original_shape_Maximum2DDiameterSlice_PORT;Late_enhancement;0.12683647612568805;0.21880000397838908;0.5831428571428572;0.5831428571428572
original_glcm_InverseVariance_PORT;Portal_thrombosis;0.1266981910326357;0.21930264967931776;0.6031746031746031;0.6031746031746031
original_glcm_Id_TARD;Portal_thrombosis;-0.1266981910326357;0.21930264967931776;0.39682539682539686;0.6031746031746031
original_firstorder_10Percentile_delta_ART_PORT;APHE_heterogeneous;0.1259586859991662;0.2220047134044474;0.5745573159366262;0.5745573159366262
original_gldm_DependenceVariance_PORT;APHE_heterogeneous;0.12594942917663615;0.22203868718041178;0.5745573159366263;0.5745573159366263
original_firstorder_Uniformity_PORT;Necrosis;-0.12580690573058856;0.22256223736239483;0.4124839124839125;0.5875160875160875
original_gldm_LowGrayLevelEmphasis_PORT;Necrosis;-0.12580690573058856;0.22256223736239483;0.4124839124839125;0.5875160875160875
original_glcm_SumEntropy_ART;Portal_thrombosis;0.12561530051098924;0.22326747793870325;0.6022927689594356;0.6022927689594356
original_glcm_Idm_TARD;Portal_thrombosis;-0.12561530051098924;0.22326747793870325;0.3977072310405644;0.6022927689594356
original_glcm_DifferenceEntropy_PORT;Satellite_nodule;0.12527009825864469;0.2245420946797046;0.5991666666666666;0.5991666666666666
original_glcm_Imc1_PORT;Nonperiph_washout;-0.1252597892351932;0.2245802392806295;0.42288306451612906;0.577116935483871
original_glrlm_LongRunHighGrayLevelEmphasis_ART;Nonperiph_washout;-0.1252597892351932;0.2245802392806295;0.422883064516129;0.577116935483871
original_gldm_DependenceEntropy_TARD;Nonperiph_washout;-0.1252597892351932;0.2245802392806295;0.422883064516129;0.577116935483871
original_firstorder_Median_TARD;Shape;0.12516943424622262;0.22181998471782527;;
original_firstorder_RootMeanSquared_TARD;Shape;0.12509140978237526;0.2767548111689763;;
original_glszm_SizeZoneNonUniformityNormalized_TARD;nonrim_APHE;-0.12502917687897153;0.22543474284093776;0.42163009404388707;0.5783699059561129
original_glrlm_HighGrayLevelRunEmphasis_PORT;Necrosis;0.12488185495315773;0.22598183859325227;0.5868725868725869;0.5868725868725869
original_glszm_SmallAreaHighGrayLevelEmphasis_PORT;Necrosis;0.12488185495315773;0.22598183859325227;0.5868725868725868;0.5868725868725868
original_glcm_Imc2_ART;Nonperiph_washout;-0.12444109780228345;0.22762429416532937;0.4233870967741935;0.5766129032258065
original_glcm_Imc1_TARD;Nonperiph_washout;-0.12444109780228345;0.22762429416532937;0.4233870967741935;0.5766129032258065
original_glcm_ClusterTendency_ART;Satellite_nodule;0.12421740835731154;0.22846110659060706;0.5983333333333333;0.5983333333333333
original_glrlm_GrayLevelNonUniformity_PORT;nonrim_APHE;0.12419564903311171;0.22854262404002845;0.5778474399164054;0.5778474399164054
original_gldm_SmallDependenceLowGrayLevelEmphasis_PORT;nonrim_APHE;0.12419564903311171;0.22854262404002845;0.5778474399164054;0.5778474399164054
original_firstorder_Maximum_ART;Necrosis;0.1239611421975371;0.22942247700097626;0.5862290862290862;0.5862290862290862
original_glrlm_GrayLevelVariance_ART;Necrosis;0.12395680417572695;0.22943877562368806;0.5862290862290862;0.5862290862290862
original_firstorder_RobustMeanAbsoluteDeviation_PORT;APHE_heterogeneous;0.12358787737957422;0.2308279066545332;0.5731593662628145;0.5731593662628145
original_firstorder_MeanAbsoluteDeviation_delta_ART_PORT;Shape;-0.12354248197427253;0.24250856097116302;;
original_glrlm_LowGrayLevelRunEmphasis_TARD;Necrosis;-0.12303175339829615;0.23293317500197933;0.4144144144144144;0.5855855855855856
original_shape_SurfaceArea_ART;Late_enhancement;0.12291111771171419;0.23339164664176146;0.5805714285714285;0.5805714285714285
original_ngtdm_Contrast_TARD;Late_enhancement;0.12291111771171419;0.23339164664176146;0.5805714285714285;0.5805714285714285
original_gldm_HighGrayLevelEmphasis_ART;APHE_heterogeneous;0.12280069344722024;0.2338118706823718;0.5726933830382106;0.5726933830382106
original_firstorder_RobustMeanAbsoluteDeviation_ART;Portal_thrombosis;0.12236662894604985;0.23546891713055967;0.599647266313933;0.599647266313933
original_glcm_Autocorrelation_TARD;Necrosis;0.12210670262086537;0.23646515858865633;0.5849420849420849;0.5849420849420849
original_firstorder_RootMeanSquared_delta_ART_PORT;Necrosis;0.12210670262086537;0.23646515858865633;0.584942084942085;0.584942084942085
original_shape_MajorAxisLength_TARD;Late_enhancement;0.12203940765702118;0.2367235706378577;0.5800000000000001;0.5800000000000001
original_gldm_LowGrayLevelEmphasis_ART;APHE_heterogeneous;-0.12201350951486625;0.2368230724458007;0.4277726001863933;0.5722273998136067
original_glcm_InverseVariance_TARD;nonrim_APHE;0.12169506549553229;0.23804896555336574;0.5762800417972832;0.5762800417972832
original_firstorder_Uniformity_ART;Portal_thrombosis;-0.1212837384244034;0.2396390466079921;0.4012345679012346;0.5987654320987654
original_firstorder_MeanAbsoluteDeviation_delta_TARD_ART;Portal_thrombosis;0.1212837384244034;0.2396390466079921;0.5987654320987654;0.5987654320987654
original_shape_Elongation_ART;Necrosis;0.12118165184343455;0.2400348434763588;0.5842985842985843;0.5842985842985843
original_glszm_SizeZoneNonUniformityNormalized_TARD;Satellite_nodule;-0.1210593386533121;0.24050966678488395;0.4041666666666667;0.5958333333333333
original_glcm_ClusterShade_PORT;nonrim_APHE;0.12086153764967247;0.2412789356147313;0.5757575757575757;0.5757575757575757
original_gldm_GrayLevelNonUniformity_TARD;nonrim_APHE;0.12086153764967247;0.2412789356147313;0.5757575757575758;0.5757575757575758
original_firstorder_Mean_TARD;Shape;0.12049109419231017;0.2512911083872078;;
original_shape_MeshVolume_PORT;Nonperiph_washout;0.12034764063773463;0.2432856265680044;0.5740927419354839;0.5740927419354839
original_shape_VoxelVolume_PORT;Nonperiph_washout;0.12034764063773463;0.2432856265680044;0.5740927419354839;0.5740927419354839
original_glcm_ClusterShade_ART;nonrim_APHE;-0.12002800980381267;0.24453963762802586;0.4247648902821317;0.5752351097178683
original_ngtdm_Coarseness_TARD;Nonperiph_washout;-0.11952894920482489;0.24650666818410225;0.4264112903225806;0.5735887096774194
original_shape_Maximum2DDiameterColumn_PORT;Late_enhancement;0.11943639896319751;0.24687266716819212;0.5782857142857142;0.5782857142857142
original_glszm_SmallAreaHighGrayLevelEmphasis_ART;Necrosis;0.11933155028857295;0.24728776120945073;0.5830115830115831;0.5830115830115831
original_glrlm_RunPercentage_ART;Satellite_nodule;-0.1189539588506458;0.2487866872741526;0.4058333333333334;0.5941666666666666
original_gldm_SmallDependenceEmphasis_PORT;Shape;0.11857042371026282;0.39974650726575167;;
original_glszm_ZoneEntropy_ART;Late_enhancement;0.11855256743824914;0.25038704653830585;0.5777142857142857;0.5777142857142857
original_glcm_SumEntropy_ART;Necrosis;0.11840649951114217;0.2509712036887154;0.5823680823680824;0.5823680823680824
original_firstorder_Energy_PORT;nonrim_APHE;-0.11836095411209303;0.2511535439360282;0.42580982236154646;0.5741901776384535
original_firstorder_TotalEnergy_PORT;nonrim_APHE;-0.11836095411209303;0.2511535439360282;0.42580982236154646;0.5741901776384535
original_glszm_SmallAreaEmphasis_ART;nonrim_APHE;-0.11836095411209303;0.2511535439360282;0.4258098223615465;0.5741901776384535
original_glcm_Contrast_PORT;Satellite_nodule;0.11790126894931266;0.2529990614746903;0.5933333333333333;0.5933333333333333
original_gldm_GrayLevelVariance_ART;Satellite_nodule;0.11790126894931266;0.2529990614746903;0.5933333333333333;0.5933333333333333
original_gldm_LargeDependenceEmphasis_ART;Satellite_nodule;0.11790126894931266;0.2529990614746903;0.5933333333333334;0.5933333333333334
original_shape_MajorAxisLength_PORT;Late_enhancement;0.11768085738355613;0.2538872998290732;0.5771428571428572;0.5771428571428572
original_glcm_Id_ART;Size_mm;0.1176343023926528;0.8383223601095093;;
original_gldm_GrayLevelNonUniformity_ART;nonrim_APHE;0.11752742626623322;0.25450689311923697;0.5736677115987461;0.5736677115987461
original_glcm_SumAverage_TARD;Necrosis;0.11748144873371136;0.25469276658145695;0.5817245817245817;0.5817245817245817
original_glcm_Imc2_PORT;Nonperiph_washout;-0.1170728749060956;0.2563486567681092;0.4279233870967742;0.5720766129032258
original_glcm_Idmn_ART;Nonperiph_washout;0.1170728749060956;0.25634865676809865;0.5720766129032259;0.5720766129032259
original_glcm_Autocorrelation_ART;Satellite_nodule;0.1168485790479795;0.2572608674028639;0.5925;0.5925
original_glcm_SumEntropy_ART;Satellite_nodule;0.1168485790479795;0.2572608674028639;0.5924999999999999;0.5924999999999999
original_glcm_SumSquares_ART;Satellite_nodule;0.1168485790479795;0.2572608674028639;0.5925;0.5925
original_shape_Maximum2DDiameterColumn_TARD;Late_enhancement;0.11681650582317077;0.25739149297254343;0.5765714285714286;0.5765714285714286
original_shape_SurfaceArea_TARD;Late_enhancement;0.11680914732886312;0.2574214686187636;0.5765714285714285;0.5765714285714285
original_glszm_SizeZoneNonUniformityNormalized_ART;Necrosis;-0.11655639795628056;0.258452541963341;0.4189189189189189;0.5810810810810811
original_glrlm_ShortRunHighGrayLevelEmphasis_TARD;Necrosis;0.11655639795628056;0.258452541963341;0.581081081081081;0.581081081081081
original_firstorder_Variance_delta_ART_PORT;Shape;-0.11641741405700005;0.3366674748106325;;
original_glrlm_ShortRunEmphasis_TARD;Size_mm;-0.11591880214942661;0.8522013228626574;;
original_firstorder_InterquartileRange_delta_TARD_ART;Portal_thrombosis;0.11587577400307969;0.2612433210746586;0.5943562610229277;0.5943562610229277
original_glrlm_GrayLevelVariance_ART;Satellite_nodule;0.11579588914664636;0.26157223601395335;0.5916666666666667;0.5916666666666667
original_firstorder_RootMeanSquared_delta_ART_PORT;Satellite_nodule;-0.11579588914664636;0.26157223601395335;0.4083333333333333;0.5916666666666667
original_glcm_DifferenceEntropy_TARD;Shape;0.11564295015294868;0.5300196551488199;;
original_glcm_Id_ART;Necrosis;0.11563134717884978;0.26225061667666943;0.5804375804375803;0.5804375804375803
Age_at_disease;nonrim_APHE;-0.11549575641711159;0.2628105486944947;0.42763845350052243;0.5723615464994776
original_shape_MinorAxisLength_PORT;Nonperiph_washout;0.11543549204027609;0.26305967963353544;0.5710685483870968;0.5710685483870968
original_glszm_ZonePercentage_ART;Portal_thrombosis;-0.11478639529452465;0.26575335901738306;0.4065255731922399;0.5934744268077601
original_firstorder_Entropy_ART;Satellite_nodule;0.1147431992453132;0.2659332894011731;0.5908333333333333;0.5908333333333333
original_glcm_SumSquares_ART;Necrosis;0.11470629640141895;0.2660870722559113;0.5797940797940798;0.5797940797940798
original_glcm_DifferenceEntropy_PORT;Size_mm;0.11466543666560013;0.902676742234882;;
original_glcm_DifferenceVariance_TARD;Shape;0.11420244729141316;0.5327402218759965;;
original_glcm_InverseVariance_ART;APHE_heterogeneous;0.11414167019132651;0.26844763757170853;0.5675675675675675;0.5675675675675675
original_glszm_SmallAreaEmphasis_TARD;APHE_heterogeneous;-0.11414167019132651;0.26844763757170853;0.43243243243243246;0.5675675675675675
original_gldm_HighGrayLevelEmphasis_PORT;Necrosis;0.11378124562398817;0.2699619848540248;0.5791505791505791;0.5791505791505791
original_firstorder_RobustMeanAbsoluteDeviation_TARD;Necrosis;0.11378124562398817;0.2699619848540248;0.5791505791505791;0.5791505791505791
original_gldm_LowGrayLevelEmphasis_TARD;Necrosis;-0.11378124562398817;0.2699619848540248;0.42084942084942084;0.5791505791505791
original_glcm_SumAverage_ART;Satellite_nodule;0.11369050934398008;0.27034414065478185;0.5900000000000001;0.5900000000000001
original_glcm_InverseVariance_ART;nonrim_APHE;0.11335978703693418;0.2717401892807169;0.5710553814002091;0.5710553814002091
original_firstorder_Median_delta_ART_PORT;Size_mm;-0.11316989889180226;0.6491503347158969;;
original_glszm_LargeAreaHighGrayLevelEmphasis_TARD;Nonperiph_washout;0.11297941774154681;0.273351902327056;0.5695564516129031;0.5695564516129031
original_gldm_GrayLevelVariance_ART;Necrosis;0.11285619484655737;0.27387542516984853;0.5785070785070785;0.5785070785070785
original_glcm_MaximumProbability_ART;Size_mm;-0.11274687720991043;0.8308842678563569;;
original_gldm_SmallDependenceEmphasis_ART;Satellite_nodule;-0.1126378194426469;0.2748048937232257;0.41083333333333333;0.5891666666666666
original_firstorder_Maximum_PORT;APHE_heterogeneous;0.11256887804982565;0.27509877493417956;0.5666356011183598;0.5666356011183598
original_glrlm_LongRunHighGrayLevelEmphasis_ART;nonrim_APHE;-0.11252625919107437;0.2752805565392403;0.42946708463949845;0.5705329153605015
original_glszm_SizeZoneNonUniformityNormalized_PORT;Necrosis;-0.11193114406912658;0.2778274583764503;0.42213642213642216;0.5778635778635779
original_firstorder_90Percentile_delta_ART_PORT;APHE_heterogeneous;0.11178246547515121;0.2784662520662258;0.5661696178937559;0.5661696178937559
original_glcm_JointEnergy_PORT;APHE_heterogeneous;-0.11178011839426458;0.27847634424483747;0.4338303821062442;0.5661696178937559
original_shape_Maximum2DDiameterRow_TARD;Late_enhancement;0.11158864987265375;0.2793004753309668;0.5731428571428572;0.5731428571428572
original_firstorder_Mean_delta_ART_PORT;Satellite_nodule;-0.11158512954131378;0.27931564327656694;0.4116666666666667;0.5883333333333334
original_glcm_Idm_ART;Size_mm;0.11117141780286599;0.8418901024681397;;
original_firstorder_InterquartileRange_delta_TARD_ART;Satellite_nodule;0.11106500340995888;0.28156285129896313;0.5879166666666668;0.5879166666666668
original_glcm_Idm_ART;Necrosis;0.11100609329169578;0.281818144050732;0.5772200772200772;0.5772200772200772
original_glszm_SizeZoneNonUniformity_TARD;nonrim_APHE;-0.11085920349935476;0.28245538903912926;0.4305120167189133;0.5694879832810866
original_glszm_LargeAreaHighGrayLevelEmphasis_ART;Late_enhancement;-0.11070717694601205;0.28311594657844824;0.4274285714285715;0.5725714285714285
original_firstorder_Maximum_ART;Satellite_nodule;0.1105363078595356;0.28385962354653504;0.5875;0.5875
original_glrlm_ShortRunHighGrayLevelEmphasis_ART;Satellite_nodule;0.11053243963998062;0.2838764745722915;0.5875;0.5875
original_firstorder_Energy_TARD;Nonperiph_washout;-0.11052334344281753;0.28391610277183515;0.43195564516129037;0.5680443548387096
original_firstorder_TotalEnergy_TARD;Nonperiph_washout;-0.11052334344281753;0.28391610277183515;0.43195564516129037;0.5680443548387096
original_glcm_Autocorrelation_PORT;Necrosis;0.11008104251426498;0.2858475361038635;0.5765765765765766;0.5765765765765766
original_firstorder_Skewness_delta_TARD_ART;Necrosis;-0.11008104251426498;0.2858475361038635;0.42342342342342343;0.5765765765765766
original_glszm_SizeZoneNonUniformityNormalized_ART;nonrim_APHE;-0.11002567565349496;0.2860899351713355;0.43103448275862066;0.5689655172413793
original_gldm_LargeDependenceLowGrayLevelEmphasis_ART;Shape;-0.10981898159448247;0.5567249421649592;;
original_firstorder_Median_delta_ART_PORT;Necrosis;0.10962810847006527;0.28783458402382034;0.5762548262548263;0.5762548262548263
original_glcm_Contrast_TARD;Shape;0.10960213170134811;0.567914874462349;;
original_firstorder_MeanAbsoluteDeviation_delta_TARD_ART;Satellite_nodule;0.10947974973864748;0.2884874633234864;0.5866666666666667;0.5866666666666667
original_glcm_Autocorrelation_ART;APHE_heterogeneous;0.10941856659720264;0.28875700126595405;0.5647716682199441;0.5647716682199441
Gender;Nonperiph_washout;0.10898234854603565;0.29068364657450246;0.5524193548387097;0.5524193548387097
original_shape_Elongation_TARD;Nonperiph_washout;0.10888596057699801;0.29111052740235194;0.5670362903225806;0.5670362903225806
original_shape_Flatness_PORT;Size_mm;-0.10874871133692206;0.5138598274145807;;
original_firstorder_Entropy_ART;Necrosis;0.10823094095940339;0.29402262625494363;0.5752895752895753;0.5752895752895753
original_glrlm_ShortRunHighGrayLevelEmphasis_ART;APHE_heterogeneous;0.1078441987324947;0.29575115348144904;0.5638397017707363;0.5638397017707363
original_glcm_DifferenceAverage_TARD;Shape;0.10778988616586792;0.5789611543991862;;
original_glcm_JointEnergy_ART;Shape;-0.1074336327700043;0.56060373931494;;
original_firstorder_InterquartileRange_TARD;Necrosis;0.10732316783853285;0.29809061431952544;0.5746460746460746;0.5746460746460746
original_shape_Maximum2DDiameterRow_PORT;Nonperiph_washout;0.10725533392904874;0.2983960997333132;0.5660282258064515;0.5660282258064515
original_glszm_GrayLevelNonUniformity_TARD;Nonperiph_washout;0.10724857771117849;0.2984265373468214;0.5660282258064515;0.5660282258064515
original_gldm_LargeDependenceEmphasis_ART;Portal_thrombosis;0.10720616164299943;0.2986176744488144;0.5873015873015873;0.5873015873015873
original_firstorder_RootMeanSquared_TARD;Portal_thrombosis;0.10720616164299943;0.2986176744488144;0.5873015873015872;0.5873015873015872
original_glrlm_LongRunEmphasis_PORT;Shape;-0.10713933648646479;0.3661466428761064;;
original_gldm_LargeDependenceLowGrayLevelEmphasis_PORT;APHE_heterogeneous;-0.10705701480014074;0.2992904152125367;0.43662628145386767;0.5633737185461323
original_glcm_DifferenceAverage_PORT;Satellite_nodule;0.10632168003464802;0.30262198557914544;0.5841666666666667;0.5841666666666667
original_shape_Flatness_TARD;Size_mm;-0.10622097424384183;0.4387483151458894;;
original_glszm_SmallAreaEmphasis_PORT;Portal_thrombosis;0.10612327112135299;0.3035251233343449;0.5864197530864197;0.5864197530864197
original_firstorder_Kurtosis_delta_TARD_ART;Size_mm;-0.10606692932404192;0.3934408133030476;;
original_glrlm_LongRunLowGrayLevelEmphasis_ART;Shape;-0.10586921568382056;0.589365091866326;;
original_glszm_SizeZoneNonUniformityNormalized_PORT;nonrim_APHE;-0.10585803642419588;0.30473524025106513;0.4336468129571578;0.5663531870428422
original_firstorder_MeanAbsoluteDeviation_delta_ART_PORT;nonrim_APHE;0.10585803642419588;0.30473524025106513;0.5663531870428422;0.5663531870428422
original_glszm_ZoneVariance_ART;Shape;0.1057298121810913;0.08042935128707968;;
original_gldm_LargeDependenceHighGrayLevelEmphasis_ART;Nonperiph_washout;-0.10561119484535897;0.30586431275299214;0.43497983870967744;0.5650201612903225
original_glcm_Id_TARD;Shape;-0.10514121961401228;0.592487079720039;;
original_glszm_LargeAreaLowGrayLevelEmphasis_TARD;Portal_thrombosis;-0.10504038059970651;0.3084858716598927;0.41446208112874783;0.5855379188712522
original_glrlm_RunEntropy_ART;Nonperiph_washout;-0.10479250341244922;0.3096289027306369;0.4354838709677419;0.5645161290322581
original_shape_Maximum2DDiameterRow_ART;Late_enhancement;0.10460850125569197;0.3104791951794082;0.5685714285714285;0.5685714285714285
original_glrlm_GrayLevelNonUniformityNormalized_ART;Satellite_nodule;-0.10421630023198172;0.3122967347009691;0.4174999999999999;0.5825
original_glrlm_RunLengthNonUniformityNormalized_ART;Satellite_nodule;-0.10421630023198172;0.3122967347009691;0.4175;0.5825
original_glcm_ClusterShade_ART;Shape;0.10413441653874553;0.5430089292112208;;
original_firstorder_Median_TARD;Portal_thrombosis;0.10396440283466431;0.3134677685085951;0.5846560846560847;0.5846560846560847
original_glszm_SizeZoneNonUniformityNormalized_PORT;APHE_heterogeneous;-0.10390827907072483;0.31372907277541007;0.4384902143522833;0.5615097856477167
original_gldm_SmallDependenceHighGrayLevelEmphasis_PORT;APHE_heterogeneous;0.10390827907072483;0.31372907277541007;0.5615097856477167;0.5615097856477167
original_glszm_SizeZoneNonUniformityNormalized_ART;Size_mm;-0.10381927390332517;0.837038135106784;;
original_shape_Maximum2DDiameterRow_TARD;Nonperiph_washout;0.10357352789337805;0.3152906026642644;0.5637600806451614;0.5637600806451614
original_glszm_SmallAreaEmphasis_PORT;nonrim_APHE;-0.10335745288661645;0.3163012451969886;0.43521421107628;0.56478578892372
original_glcm_Idm_TARD;Shape;-0.1033289740785321;0.6040009147489422;;
original_shape_MinorAxisLength_TARD;Nonperiph_washout;0.10315512054662969;0.31724953502065045;0.563508064516129;0.563508064516129
original_firstorder_10Percentile_delta_TARD_ART;Necrosis;-0.1031467713061596;0.3172887061932021;0.42824967824967825;0.5717503217503217
original_glcm_JointEntropy_ART;APHE_heterogeneous;0.10312109513837082;0.3174091879917578;0.5610438024231128;0.5610438024231128
original_glszm_LargeAreaLowGrayLevelEmphasis_ART;Portal_thrombosis;0.10287459955641359;0.3185673597262554;0.5837742504409171;0.5837742504409171
original_firstorder_90Percentile_delta_TARD_ART;Shape;0.10283619617309964;0.6027989472927952;;
original_glcm_SumAverage_PORT;Necrosis;0.10268063629481858;0.31948064892251293;0.5714285714285714;0.5714285714285714
original_gldm_SmallDependenceLowGrayLevelEmphasis_TARD;nonrim_APHE;0.10252392504075666;0.3202197844428419;0.5642633228840126;0.5642633228840126
original_glcm_SumAverage_ART;APHE_heterogeneous;0.10233391120601686;0.3211174915078454;0.5605778191985089;0.5605778191985089
original_firstorder_InterquartileRange_delta_ART_PORT;nonrim_APHE;0.10211966954218567;0.32213163105987275;0.5640020898641589;0.5640020898641589
original_glrlm_ShortRunEmphasis_ART;Satellite_nodule;-0.10211092042931542;0.32217309044490994;0.4191666666666667;0.5808333333333333
original_glszm_GrayLevelNonUniformity_TARD;Late_enhancement;0.10199007639908199;0.3227460897170309;0.5668571428571428;0.5668571428571428
original_glszm_SizeZoneNonUniformityNormalized_PORT;Portal_thrombosis;0.10179170903476714;0.3236881170432015;0.5828924162257496;0.5828924162257496
original_glcm_JointEntropy_TARD;Necrosis;0.1017555855173878;0.32385985675109913;0.5707850707850708;0.5707850707850708
original_firstorder_Median_TARD;APHE_heterogeneous;-0.10155347972419891;0.3248218101953502;0.4398881640260951;0.5601118359739049
Age_at_disease;Necrosis;-0.10133881761571328;0.325845561741353;0.42953667953667957;0.5704633204633205
original_firstorder_Skewness_delta_ART_PORT;Size_mm;0.10110248168139961;0.7724034713590714;;
original_glcm_Idn_ART;nonrim_APHE;0.10085686934903704;0.32815166944267227;0.5632183908045977;0.5632183908045977
original_glcm_JointEntropy_PORT;Necrosis;0.100830534739957;0.32827798406429604;0.5701415701415702;0.5701415701415702
original_glszm_SmallAreaEmphasis_ART;Necrosis;-0.100830534739957;0.32827798406429604;0.4298584298584298;0.5701415701415702
original_glcm_Idn_TARD;Nonperiph_washout;0.10069904624790042;0.3289091437190527;0.5619959677419355;0.5619959677419355
original_glcm_Idm_PORT;Satellite_nodule;-0.10000554062664913;0.33225105409665906;0.4208333333333334;0.5791666666666666
original_gldm_SmallDependenceHighGrayLevelEmphasis_TARD;APHE_heterogeneous;0.09997235940895492;0.33241149792241814;0.5591798695246972;0.5591798695246972
original_firstorder_Skewness_delta_ART_PORT;Necrosis;0.0999054839625262;0.33273501822754853;0.5694980694980695;0.5694980694980695
original_glrlm_RunPercentage_ART;Portal_thrombosis;-0.09962592799147423;0.3340896139505025;0.41887125220458554;0.5811287477954145
original_firstorder_Median_delta_ART_PORT;Satellite_nodule;-0.09948789985537569;0.3347597423696326;0.42125000000000007;0.5787499999999999
original_glcm_MaximumProbability_ART;Shape;-0.09947214383635633;0.6240226411036635;;
original_ngtdm_Coarseness_ART;Late_enhancement;-0.09937494623500295;0.3353087776813241;0.43485714285714283;0.5651428571428572
original_shape_MinorAxisLength_TARD;Late_enhancement;0.09937494623500295;0.3353087776813241;0.5651428571428572;0.5651428571428572
original_firstorder_Kurtosis_TARD;Late_enhancement;0.09937494623500295;0.3353087776813241;0.5651428571428572;0.5651428571428572
original_glszm_SizeZoneNonUniformity_PORT;nonrim_APHE;-0.09918981365731741;0.3362099077951999;0.4378265412748171;0.5621734587251829
original_glcm_MaximumProbability_TARD;APHE_heterogeneous;-0.09918517547660095;0.3362325040633053;0.4412861136999068;0.5587138863000932
original_firstorder_Variance_delta_ART_PORT;APHE_heterogeneous;0.09918517547660095;0.3362325040632905;0.5587138863000932;0.5587138863000932
original_shape_Maximum2DDiameterColumn_TARD;Nonperiph_washout;0.099067903858129;0.33680415209528286;0.5609879032258064;0.5609879032258064
original_shape_LeastAxisLength_ART;Nonperiph_washout;0.0990616633820809;0.3368345892006097;0.5609879032258064;0.5609879032258064
original_glrlm_GrayLevelNonUniformityNormalized_ART;Necrosis;-0.0989804331850954;0.33723094020857175;0.43114543114543114;0.5688545688545689
original_firstorder_Uniformity_ART;Satellite_nodule;-0.09895285072531598;0.3373655929894154;0.42166666666666663;0.5783333333333334
original_firstorder_Mean_TARD;Portal_thrombosis;0.09854303746982776;0.3393703000234417;0.5802469135802469;0.5802469135802469
original_glcm_Correlation_ART;Late_enhancement;0.09850323618030996;0.33956540453088285;0.5645714285714285;0.5645714285714285
original_ngtdm_Coarseness_ART;Nonperiph_washout;-0.09824297194917113;0.3408429831042332;0.43951612903225806;0.560483870967742
original_glcm_DifferenceAverage_ART;Necrosis;-0.09805538240766459;0.341765724526;0.43178893178893174;0.5682110682110683
original_firstorder_Variance_delta_TARD_ART;Necrosis;0.09805538240766459;0.341765724526;0.5682110682110681;0.5682110682110681
original_glrlm_GrayLevelNonUniformity_ART;nonrim_APHE;0.0975227579655978;0.34439437399868555;0.5611285266457681;0.5611285266457681
original_glrlm_ShortRunHighGrayLevelEmphasis_PORT;Necrosis;0.0971303316302338;0.3463393391994418;0.5675675675675675;0.5675675675675675
original_firstorder_90Percentile_delta_ART_PORT;Size_mm;-0.0971028536426246;0.7590926546177413;;
original_glszm_LargeAreaEmphasis_ART;Shape;0.09690092367490583;0.12300386487558523;;
original_glszm_GrayLevelNonUniformity_PORT;Late_enhancement;0.09675981607092393;0.3481821164537028;0.5634285714285715;0.5634285714285715
original_shape_MinorAxisLength_ART;Late_enhancement;0.09675981607092393;0.3481821164537028;0.5634285714285714;0.5634285714285714
original_shape_VoxelVolume_ART;Late_enhancement;0.09675981607092393;0.3481821164537028;0.5634285714285714;0.5634285714285714
original_firstorder_MeanAbsoluteDeviation_delta_TARD_ART;nonrim_APHE;-0.09668923011973797;0.34853388464134405;0.43939393939393934;0.5606060606060607
original_glszm_SizeZoneNonUniformity_PORT;Nonperiph_washout;-0.09660558908335161;0.34895100565357084;0.4405241935483871;0.5594758064516129
original_firstorder_Energy_ART;Nonperiph_washout;-0.09660558908335161;0.34895100565357084;0.4405241935483871;0.5594758064516129
original_firstorder_TotalEnergy_ART;Nonperiph_washout;-0.09660558908335161;0.34895100565357084;0.4405241935483871;0.5594758064516129
original_glcm_Imc1_ART;Nonperiph_washout;-0.09660558908335161;0.34895100565357084;0.4405241935483871;0.5594758064516129
original_firstorder_InterquartileRange_delta_TARD_ART;nonrim_APHE;-0.09627785704521484;0.35058847135837734;0.43965517241379315;0.5603448275862069
original_glrlm_LongRunLowGrayLevelEmphasis_PORT;APHE_heterogeneous;-0.09603643974718505;0.35179778918991467;0.44315004659832247;0.5568499534016775
original_shape_MeshVolume_ART;Late_enhancement;0.09588810601623092;0.3525421374997171;0.5628571428571428;0.5628571428571428
original_glcm_Idmn_TARD;Late_enhancement;0.09588810601623092;0.3525421374997171;0.562857142857143;0.562857142857143
original_glcm_Idn_TARD;nonrim_APHE;0.09585570227387817;0.35270487412929397;0.5600835945663531;0.5600835945663531
original_glcm_Id_PORT;Satellite_nodule;-0.09579478102131653;0.3530109587827738;0.42416666666666675;0.5758333333333332
original_gldm_SmallDependenceLowGrayLevelEmphasis_TARD;Nonperiph_washout;0.09578689765044186;0.35305057921840965;0.5589717741935484;0.5589717741935484
original_firstorder_Median_TARD;Size_mm;-0.09550019615051518;0.4640903987052185;;
original_glszm_SizeZoneNonUniformityNormalized_PORT;Size_mm;-0.09524177268719423;0.8254524750613476;;
original_gldm_DependenceNonUniformityNormalized_TARD;Shape;-0.09519710308599284;0.2753304457613754;;
original_glcm_DifferenceVariance_TARD;Size_mm;0.09501770734930348;0.7970298528024455;;
original_glszm_ZonePercentage_TARD;Satellite_nodule;-0.09474209111998338;0.35832646674888036;0.42500000000000004;0.575
original_glrlm_RunVariance_PORT;Shape;-0.09429872495729329;0.38251373721444965;;
original_firstorder_Variance_delta_TARD_ART;Portal_thrombosis;0.09421147538324193;0.3610247699750171;0.5767195767195766;0.5767195767195766
original_shape_MeshVolume_ART;Nonperiph_washout;0.09414951478462234;0.36134068280690546;0.5579637096774194;0.5579637096774194
original_shape_VoxelVolume_ART;Nonperiph_washout;0.09333082335171257;0.36553113331437315;0.5574596774193549;0.5574596774193549
original_shape_SurfaceArea_PORT;Late_enhancement;0.09327297585215188;0.36582836733475055;0.5611428571428572;0.5611428571428572
Age_at_disease;Late_enhancement;0.09287905847924743;0.3678564158474248;0.5608571428571429;0.5608571428571429
original_gldm_DependenceVariance_ART;Satellite_nodule;0.0926367113173171;0.369107590437578;0.5733333333333333;0.5733333333333333
original_glszm_GrayLevelNonUniformity_PORT;Nonperiph_washout;0.09251213191880282;0.3697517897516167;0.5569556451612904;0.5569556451612904
original_shape_SurfaceArea_TARD;Nonperiph_washout;0.09251213191880282;0.3697517897516167;0.5569556451612903;0.5569556451612903
original_glcm_MCC_PORT;nonrim_APHE;-0.09168806304457912;0.3740306223636781;0.4425287356321839;0.5574712643678161
original_glrlm_GrayLevelNonUniformity_TARD;nonrim_APHE;0.09168806304457912;0.3740306223636781;0.557471264367816;0.557471264367816
original_glcm_Contrast_PORT;Size_mm;0.09160071094646928;0.9042753517093202;;
original_glszm_SmallAreaEmphasis_PORT;Necrosis;-0.09158002696564901;0.37459384317089006;0.43629343629343625;0.5637065637065637
original_glcm_MaximumProbability_PORT;APHE_heterogeneous;-0.0913133361530612;0.3759864165540816;0.44594594594594594;0.5540540540540541
original_shape_MajorAxisLength_TARD;Nonperiph_washout;0.09087474905298329;0.3782835158737893;0.5559475806451614;0.5559475806451614
original_firstorder_Variance_delta_ART_PORT;nonrim_APHE;0.09085453519871929;0.37838959382920145;0.5569487983281086;0.5569487983281086
original_firstorder_MeanAbsoluteDeviation_delta_TARD_ART;Necrosis;0.09065497618821822;0.37943781929497056;0.5630630630630631;0.5630630630630631
original_firstorder_RobustMeanAbsoluteDeviation_ART;Satellite_nodule;0.0905313315146508;0.3800881840216531;0.5716666666666667;0.5716666666666667
original_firstorder_90Percentile_TARD;Size_mm;0.09005896684629973;0.5225112535853876;;
original_shape_Maximum2DDiameterRow_ART;Nonperiph_washout;0.09005889406607999;0.38257948526579943;0.5554435483870969;0.5554435483870969
original_shape_SurfaceArea_PORT;Nonperiph_washout;0.09005605762007354;0.3825944728404308;0.5554435483870968;0.5554435483870968
original_glrlm_ShortRunEmphasis_PORT;Portal_thrombosis;0.0898799132966561;0.3835259116360512;0.5731922398589065;0.5731922398589065
original_shape_Elongation_PORT;APHE_heterogeneous;-0.08973896828835325;0.384272218040825;0.4468779123951538;0.5531220876048462
original_firstorder_RobustMeanAbsoluteDeviation_PORT;Necrosis;0.08972992541078742;0.3843201305557451;0.5624195624195624;0.5624195624195624
original_glszm_SizeZoneNonUniformityNormalized_TARD;Size_mm;-0.0889959513934891;0.7338826377755157;;
original_firstorder_Minimum_TARD;Late_enhancement;0.08892998719834828;0.3885729497040601;0.5582857142857143;0.5582857142857143
original_firstorder_Uniformity_ART;Necrosis;-0.08880487463335662;0.3892406845260499;0.43822393822393824;0.5617760617760618
original_firstorder_Energy_PORT;Nonperiph_washout;-0.08841867475425404;0.3913062612499212;0.4455645161290322;0.5544354838709677
original_firstorder_TotalEnergy_PORT;Nonperiph_washout;-0.08841867475425404;0.3913062612499212;0.4455645161290322;0.5544354838709677
original_glrlm_RunEntropy_PORT;Nonperiph_washout;-0.08841867475425404;0.3913062612499212;0.4455645161290323;0.5544354838709677
original_shape_Elongation_PORT;Size_mm;-0.08818371454363506;0.5317273029249058;;
original_ngtdm_Coarseness_TARD;Late_enhancement;-0.08804271552399384;0.3933234453052178;0.4422857142857143;0.5577142857142857
original_shape_MinorAxisLength_ART;Nonperiph_washout;0.08759998332134425;0.3957069546695332;0.5539314516129032;0.5539314516129032
original_shape_SurfaceVolumeRatio_PORT;nonrim_APHE;-0.08668689596942025;0.4006501619141395;0.4456635318704284;0.5543364681295716
original_glcm_MCC_TARD;nonrim_APHE;-0.08668689596942025;0.4006501619141395;0.44566353187042845;0.5543364681295715
original_glcm_DifferenceVariance_ART;Shape;0.08624430035515916;0.6552426298611576;;
original_firstorder_10Percentile_delta_TARD_ART;Size_mm;0.08572899795606265;0.7374901375229541;;
original_gldm_SmallDependenceEmphasis_ART;Portal_thrombosis;-0.08554835121007026;0.4068656353691875;0.43033509700176364;0.5696649029982364
original_shape_LeastAxisLength_ART;Late_enhancement;0.08542758535991482;0.4075282705017922;0.5559999999999999;0.5559999999999999
original_glrlm_ShortRunEmphasis_TARD;Shape;0.08537690078262164;0.6537791558222874;;
original_shape_Maximum2DDiameterRow_PORT;Late_enhancement;0.08499708446088917;0.4098956325284203;0.5557142857142857;0.5557142857142857
original_gldm_GrayLevelNonUniformity_PORT;Late_enhancement;-0.0845558753052218;0.41233034368660126;0.44457142857142856;0.5554285714285714
original_glcm_Correlation_PORT;Late_enhancement;0.0845558753052218;0.41233034368660126;0.5554285714285715;0.5554285714285715
original_glrlm_RunLengthNonUniformityNormalized_ART;Portal_thrombosis;-0.0844654606884238;0.41283033237813715;0.4312169312169312;0.5687830687830688
original_firstorder_Variance_delta_TARD_ART;Size_mm;0.0844446242175829;0.13525513301740025;;
original_glszm_SmallAreaEmphasis_TARD;Satellite_nodule;-0.0842151921066519;0.41421617824253854;0.43333333333333335;0.5666666666666667
original_shape_Flatness_TARD;nonrim_APHE;0.08418631243184083;0.4143762744701722;0.5527690700104493;0.5527690700104493
original_glrlm_HighGrayLevelRunEmphasis_ART;Necrosis;0.08417962074620262;0.41441337545694634;0.5585585585585585;0.5585585585585585
original_glszm_SmallAreaEmphasis_ART;Shape;0.08364210163754661;0.6496540970361266;;
original_glszm_ZonePercentage_PORT;Shape;0.08356465524714146;0.4442023065840197;;
original_glcm_JointEnergy_ART;APHE_heterogeneous;-0.08344149682952144;0.4185178342567091;0.4506057781919851;0.5493942218080149
original_firstorder_RootMeanSquared_delta_ART_PORT;APHE_heterogeneous;0.08265431289716747;0.42292135759307325;0.548928238583411;0.548928238583411
original_glcm_InverseVariance_TARD;Size_mm;0.08247004842742052;0.3535762922314211;;
original_glcm_DifferenceEntropy_ART;Necrosis;-0.08232951919134103;0.4247461382250022;0.44272844272844275;0.5572715572715572
original_shape_VoxelVolume_TARD;Late_enhancement;0.0819407451411428;0.42693641608606725;0.5537142857142856;0.5537142857142856
original_glcm_Correlation_TARD;Late_enhancement;0.0819407451411428;0.42693641608606725;0.5537142857142857;0.5537142857142857
original_glrlm_RunLengthNonUniformityNormalized_PORT;Portal_thrombosis;0.08121678912348443;0.4310325400657501;0.5661375661375662;0.5661375661375662
original_shape_MeshVolume_TARD;Late_enhancement;0.08106903508644978;0.43187132043262155;0.5531428571428572;0.5531428571428572
original_gldm_SmallDependenceLowGrayLevelEmphasis_PORT;Nonperiph_washout;0.0810504518580662;0.43197688190475114;0.5498991935483871;0.5498991935483871
original_firstorder_90Percentile_TARD;Necrosis;-0.08094392585841506;0.43258228802661436;0.44369369369369366;0.5563063063063063
original_glszm_SizeZoneNonUniformity_ART;nonrim_APHE;-0.08085220104840157;0.43310396970027165;0.4493207941483804;0.5506792058516197
original_firstorder_10Percentile_delta_ART_PORT;Size_mm;0.08057491560273018;0.5637608083738552;;
original_glcm_Contrast_ART;Necrosis;-0.08047941763647944;0.43522790451402726;0.444015444015444;0.555984555984556
original_glcm_DifferenceAverage_ART;Size_mm;-0.08041144813554908;0.8420282291246997;;
original_glrlm_ShortRunEmphasis_TARD;Portal_thrombosis;0.08013389860183796;0.43720185690210767;0.5652557319223986;0.5652557319223986
original_firstorder_Mean_TARD;APHE_heterogeneous;-0.07950557716775157;0.4408046379351239;0.4529356943150047;0.5470643056849953
original_glrlm_ShortRunEmphasis_TARD;APHE_heterogeneous;-0.07950557716775157;0.4408046379351239;0.45293569431500463;0.5470643056849953
original_glcm_InverseVariance_ART;Nonperiph_washout;0.07941306899224668;0.44133651118039907;0.5488911290322581;0.5488911290322581
original_glcm_Idm_PORT;Necrosis;0.07862931608161784;0.44585740252516026;0.5546975546975547;0.5546975546975547
original_glrlm_ShortRunEmphasis_ART;Portal_thrombosis;-0.07796811755854505;0.44969179796889724;0.4365079365079365;0.5634920634920635
original_firstorder_Mean_delta_TARD_ART;APHE_heterogeneous;-0.07793120930304362;0.4499063843222557;0.4538676607642125;0.5461323392357875
original_firstorder_MeanAbsoluteDeviation_delta_ART_PORT;APHE_heterogeneous;0.07793120930304362;0.4499063843222557;0.5461323392357875;0.5461323392357875
original_glcm_JointEntropy_ART;Satellite_nodule;0.077899052698653;0.45009339165183904;0.5616666666666666;0.5616666666666666
original_glszm_SizeZoneNonUniformity_ART;Nonperiph_washout;-0.07777568612642716;0.45081124073931755;0.452116935483871;0.547883064516129
original_shape_Sphericity_ART;Necrosis;-0.07770426530418705;0.45122712242274743;0.4459459459459459;0.5540540540540542
original_glcm_InverseVariance_ART;Late_enhancement;-0.07758219486767774;0.4519384379382535;0.4491428571428572;0.5508571428571428
original_glszm_LargeAreaHighGrayLevelEmphasis_TARD;Late_enhancement;0.07758219486767774;0.4519384379382535;0.5508571428571429;0.5508571428571429
original_firstorder_RootMeanSquared_delta_TARD_ART;APHE_heterogeneous;-0.07714402537068962;0.45449690649020913;0.4543336439888164;0.5456663560111836
original_glcm_JointEntropy_ART;Portal_thrombosis;0.0768852270368986;0.4560118541544569;0.562610229276896;0.562610229276896
original_glrlm_RunVariance_TARD;Satellite_nodule;0.07684636279731985;0.45623960177822453;0.5608333333333333;0.5608333333333333
original_firstorder_RobustMeanAbsoluteDeviation_ART;Necrosis;0.07677921452675623;0.4566332468171769;0.5534105534105533;0.5534105534105533
original_glszm_SmallAreaEmphasis_ART;Size_mm;-0.07632925776085167;0.8825417129406636;;
original_shape_Sphericity_PORT;Necrosis;-0.07585416374932545;0.46207558473280474;0.44723294723294726;0.5527670527670527
original_glcm_Id_PORT;Necrosis;0.07585416374932545;0.46207558473280474;0.5527670527670527;0.5527670527670527
original_glrlm_LowGrayLevelRunEmphasis_ART;Necrosis;-0.07585416374932545;0.46207558473280474;0.4472329472329472;0.5527670527670527
original_gldm_SmallDependenceLowGrayLevelEmphasis_ART;nonrim_APHE;0.07585103397324272;0.46209405934568126;0.547544409613375;0.547544409613375
original_glszm_LargeAreaLowGrayLevelEmphasis_PORT;Portal_thrombosis;-0.07580233651525213;0.46238156646261885;0.43827160493827166;0.5617283950617283
original_glcm_DifferenceVariance_TARD;Satellite_nodule;0.07579367289598671;0.46243272645049116;0.56;0.56
original_firstorder_Mean_delta_ART_PORT;Size_mm;-0.07531396169853413;0.7039426981439475;;
original_glrlm_RunVariance_ART;Shape;0.075308870029954;0.23584192447701294;;
original_gldm_SmallDependenceHighGrayLevelEmphasis_ART;Portal_thrombosis;0.07471944599360567;0.4688006174373026;0.5608465608465609;0.5608465608465609
original_glszm_SmallAreaEmphasis_TARD;Portal_thrombosis;0.07471944599360567;0.4688006174373026;0.5608465608465609;0.5608465608465609
original_firstorder_InterquartileRange_delta_TARD_ART;Nonperiph_washout;0.07450509212928168;0.47007706430327934;0.545866935483871;0.545866935483871
original_shape_Maximum2DDiameterColumn_PORT;Nonperiph_washout;0.0740990949149006;0.4724999738150777;0.5456149193548387;0.5456149193548387
original_glcm_DifferenceAverage_PORT;Necrosis;-0.07400406219446386;0.47306810160394086;0.44851994851994853;0.5514800514800515
original_firstorder_Median_delta_TARD_ART;APHE_heterogeneous;-0.07399813816866406;0.47310352925564525;0.45619757688723206;0.5438024231127679
original_glcm_DifferenceEntropy_TARD;Satellite_nodule;0.07368829309332041;0.4749585398895233;0.5583333333333333;0.5583333333333333
original_shape_Maximum3DDiameter_TARD;Nonperiph_washout;0.07368351822844589;0.4749871577185616;0.5453629032258065;0.5453629032258065
original_glcm_MCC_ART;nonrim_APHE;-0.0733504504356633;0.47698571085830965;0.4540229885057471;0.5459770114942528
original_firstorder_Minimum_ART;Late_enhancement;0.07323492183623127;0.4776800070700815;0.548;0.548
original_firstorder_Maximum_PORT;Necrosis;0.07308003438100096;0.47861170622678606;0.5508365508365508;0.5508365508365508
original_firstorder_10Percentile_delta_ART_PORT;nonrim_APHE;0.07293904687202143;0.47946065498177115;0.5457157784743991;0.5457157784743991
original_firstorder_Variance_delta_TARD_ART;Nonperiph_washout;0.0728635375289686;0.4799156681228296;0.544858870967742;0.544858870967742
original_glcm_MaximumProbability_ART;APHE_heterogeneous;-0.07242092177656578;0.4825875642878724;0.45712954333643985;0.5428704566635602
original_shape_Elongation_PORT;nonrim_APHE;0.07168339474394368;0.4870576218040602;0.5449320794148381;0.5449320794148381
original_glcm_Idmn_PORT;nonrim_APHE;0.07168339474394368;0.4870576218040602;0.544932079414838;0.544932079414838
original_glszm_SmallAreaEmphasis_PORT;APHE_heterogeneous;-0.0716337378442118;0.4873593874550105;0.4575955265610438;0.5424044734389561
original_firstorder_Skewness_TARD;Satellite_nodule;0.07158291329065412;0.48766835345894854;0.5566666666666666;0.5566666666666666
original_glcm_Contrast_TARD;Satellite_nodule;0.07158291329065412;0.48766835345894854;0.5566666666666666;0.5566666666666666
original_firstorder_Skewness_delta_TARD_ART;Satellite_nodule;-0.07158291329065412;0.48766835345894854;0.44333333333333336;0.5566666666666666
original_glcm_Id_TARD;Necrosis;0.07122890986217145;0.48982329437106154;0.5495495495495495;0.5495495495495495
original_glszm_GrayLevelNonUniformity_ART;Nonperiph_washout;0.07122615466314908;0.4898400862896697;0.5438508064516129;0.5438508064516129
original_glcm_Id_ART;APHE_heterogeneous;0.07084655391185783;0.4921565709828174;0.5419384902143523;0.5419384902143523
original_gldm_SmallDependenceEmphasis_PORT;Portal_thrombosis;0.07038788390701983;0.4949633908540785;0.5573192239858906;0.5573192239858906
original_glcm_DifferenceEntropy_TARD;Size_mm;0.07023748138694644;0.8147412064508355;;
original_firstorder_InterquartileRange_delta_ART_PORT;APHE_heterogeneous;0.07006795245619236;0.4969262558881816;0.5414725069897484;0.5414725069897484
original_shape_MajorAxisLength_PORT;Nonperiph_washout;0.06958877179732956;0.4998738991291084;0.5428427419354839;0.5428427419354839
original_glcm_Idm_TARD;Necrosis;0.06937880830730986;0.5011683912854739;0.5482625482625483;0.5482625482625483
original_firstorder_MeanAbsoluteDeviation_delta_ART_PORT;Necrosis;-0.06937880830730986;0.5011683912854739;0.4517374517374517;0.5482625482625483
original_glrlm_RunPercentage_TARD;Shape;0.06850907695238308;0.6225307371163917;;
original_gldm_SmallDependenceEmphasis_TARD;Shape;0.06850907695238308;0.6225307371163917;;
original_firstorder_Kurtosis_delta_ART_PORT;APHE_heterogeneous;-0.0684850021147959;0.5066988039616137;0.45945945945945943;0.5405405405405406
original_glcm_DifferenceAverage_TARD;Satellite_nodule;0.06842484358665467;0.5070721828350074;0.5541666666666666;0.5541666666666666
original_shape_Flatness_ART;nonrim_APHE;0.06834928336050443;0.5075413583404184;0.5428422152560084;0.5428422152560084
original_glrlm_RunPercentage_TARD;Portal_thrombosis;0.06822210286372692;0.5083315735521454;0.5555555555555556;0.5555555555555556
original_shape_LeastAxisLength_TARD;Late_enhancement;0.06799338426605465;0.5097543010725916;0.5445714285714286;0.5445714285714286
original_gldm_LargeDependenceEmphasis_TARD;Shape;-0.06790499510722302;0.6221186370204743;;
original_shape_Flatness_PORT;APHE_heterogeneous;-0.06769781818244193;0.5115959306267978;0.4599254426840634;0.5400745573159367
original_glcm_Idm_ART;APHE_heterogeneous;0.06769781818244193;0.5115959306267978;0.5400745573159367;0.5400745573159367
original_gldm_SmallDependenceHighGrayLevelEmphasis_ART;Satellite_nodule;0.06737215368532153;0.5136291133931193;0.5533333333333332;0.5533333333333332
original_firstorder_MeanAbsoluteDeviation_delta_TARD_ART;Nonperiph_washout;0.06713269749860028;0.5151267605625468;0.5413306451612903;0.5413306451612903
original_shape_MinorAxisLength_PORT;Late_enhancement;0.06712167421136164;0.5151957588247136;0.544;0.544
original_ngtdm_Busyness_TARD;Shape;0.06691368131003729;0.07120547772508451;;
original_ngtdm_Busyness_PORT;Shape;0.0668672134757942;0.05323109282480069;;
original_firstorder_10Percentile_TARD;Satellite_nodule;-0.06685165757477626;0.5168873762681091;0.4470833333333333;0.5529166666666667
original_glszm_ZoneVariance_TARD;Shape;0.06644900296760646;0.1567843721261298;;
original_glcm_InverseVariance_ART;Portal_thrombosis;-0.066056321820434;0.5218867138965535;0.4462081128747795;0.5537918871252205
original_glrlm_RunLengthNonUniformityNormalized_TARD;Portal_thrombosis;0.066056321820434;0.5218867138965535;0.5537918871252205;0.5537918871252205
original_firstorder_InterquartileRange_delta_TARD_ART;Necrosis;0.06568228291997372;0.5242464228443382;0.5456885456885456;0.5456885456885456
original_shape_Maximum3DDiameter_PORT;Nonperiph_washout;0.06549646064750746;0.525420754267401;0.5403225806451613;0.5403225806451613
original_glszm_SizeZoneNonUniformity_TARD;Nonperiph_washout;-0.06549531463278076;0.5254280008506097;0.45967741935483875;0.5403225806451613
original_shape_Maximum2DDiameterSlice_TARD;nonrim_APHE;-0.06502017792255027;0.5284368264935149;0.4592476489028213;0.5407523510971787
original_shape_SurfaceArea_ART;Nonperiph_washout;0.064676623199871;0.5306178561405555;0.5398185483870968;0.5398185483870968
original_shape_Elongation_ART;APHE_heterogeneous;0.06454908245302603;0.531428699849174;0.538210624417521;0.538210624417521
original_firstorder_RootMeanSquared_TARD;APHE_heterogeneous;-0.06454908245302603;0.531428699849174;0.46178937558247907;0.5382106244175209
original_shape_Flatness_ART;Size_mm;-0.06446779893625917;0.353356620126116;;
original_firstorder_10Percentile_TARD;Shape;0.0643171096853834;0.17121764660420533;;
original_glcm_Id_TARD;Satellite_nodule;-0.06421408398132207;0.5335614493928665;0.4491666666666666;0.5508333333333334
original_glcm_Idm_TARD;Satellite_nodule;-0.06421408398132207;0.5335614493928665;0.4491666666666666;0.5508333333333334
original_glcm_Contrast_PORT;Necrosis;-0.06382850364272506;0.5360215687034278;0.4555984555984556;0.5444015444015444
original_glszm_SizeZoneNonUniformityNormalized_ART;Shape;0.06350604013221131;0.7379610483760939;;
original_shape_Elongation_ART;nonrim_APHE;0.06334811628534558;0.5390945547223538;0.5397074190177639;0.5397074190177639
original_firstorder_Variance_delta_TARD_ART;Satellite_nodule;0.06316139407998891;0.5402913746074198;0.55;0.55
original_firstorder_10Percentile_delta_TARD_ART;APHE_heterogeneous;-0.06297691846641244;0.5414750983536966;0.4627213420316868;0.5372786579683132
original_gldm_LargeDependenceEmphasis_TARD;Portal_thrombosis;-0.06280765025549462;0.5425623787612053;0.4488536155202822;0.5511463844797178
original_shape_MeshVolume_PORT;Late_enhancement;0.06276312393789661;0.5428485705646405;0.5411428571428571;0.5411428571428571
original_shape_VoxelVolume_PORT;Late_enhancement;0.06276312393789661;0.5428485705646405;0.5411428571428571;0.5411428571428571
original_glcm_Idmn_ART;nonrim_APHE;0.06251458843948576;0.5444474065519977;0.5391849529780565;0.5391849529780565
original_glcm_ClusterShade_ART;Nonperiph_washout;0.062220548901141724;0.5463419885769993;0.5383064516129032;0.5383064516129032
original_glcm_JointEnergy_PORT;Necrosis;-0.061978402087863475;0.5479046596970565;0.4568854568854569;0.5431145431145431
original_glcm_DifferenceAverage_TARD;Necrosis;-0.061978402087863475;0.5479046596970565;0.4568854568854569;0.5431145431145431
original_glrlm_RunPercentage_PORT;Portal_thrombosis;0.06172475973384816;0.5495438817461676;0.5502645502645502;0.5502645502645502
original_gldm_LargeDependenceEmphasis_PORT;Portal_thrombosis;-0.06172475973384816;0.5495438817461676;0.4497354497354498;0.5502645502645502
original_glszm_ZoneEntropy_ART;Nonperiph_washout;0.06140185746823196;0.5516342040478951;0.5378024193548386;0.5378024193548386
original_firstorder_Mean_delta_ART_PORT;APHE_heterogeneous;0.06140034672361012;0.551643993095928;0.5363466915191053;0.5363466915191053
original_gldm_DependenceNonUniformityNormalized_PORT;Shape;0.06139949831319161;0.1872110174977644;;
original_firstorder_InterquartileRange_delta_ART_PORT;Necrosis;-0.06106083052362759;0.5538460908617844;0.45752895752895745;0.5424710424710426
original_shape_Flatness_PORT;nonrim_APHE;0.06084753274776614;0.5552317354880746;0.5381400208986415;0.5381400208986415
original_glcm_InverseVariance_PORT;nonrim_APHE;0.06084753274776614;0.5552317354880746;0.5381400208986415;0.5381400208986415
original_shape_SurfaceVolumeRatio_TARD;nonrim_APHE;-0.06084753274776614;0.5552317354880746;0.4618599791013584;0.5381400208986415
original_gldm_LargeDependenceLowGrayLevelEmphasis_TARD;APHE_heterogeneous;-0.06061316279125614;0.5567562214284815;0.4641192917054986;0.5358807082945014
original_glcm_Imc2_TARD;Nonperiph_washout;-0.060583166035322204;0.5569514858821873;0.46270161290322576;0.5372983870967742
original_shape_Elongation_TARD;Necrosis;0.06012830053300188;0.5599165234986019;0.5418275418275418;0.5418275418275418
original_glrlm_RunLengthNonUniformity_PORT;nonrim_APHE;-0.06001400490190634;0.5606627601764107;0.46238244514106586;0.5376175548589341
original_glszm_ZoneEntropy_TARD;Nonperiph_washout;0.059764474602412444;0.5622936162210659;0.5367943548387096;0.5367943548387096
original_glszm_ZoneEntropy_PORT;nonrim_APHE;-0.05918047705604652;0.5661193825946352;0.46290491118077326;0.5370950888192267
original_firstorder_Skewness_delta_ART_PORT;Satellite_nodule;0.05895063447465633;0.5676284992633434;0.5466666666666666;0.5466666666666666
original_glcm_InverseVariance_PORT;Size_mm;0.058803147112708225;0.41966604393096807;;
original_glrlm_LongRunEmphasis_ART;Shape;0.05844104619971543;0.40020284800772926;;
original_glszm_ZonePercentage_PORT;Satellite_nodule;-0.05789794457332318;0.5745648243125667;0.45416666666666666;0.5458333333333334
original_ngtdm_Coarseness_PORT;Late_enhancement;-0.05753286360973856;0.5769797278859266;0.4622857142857143;0.5377142857142857
original_glszm_ZoneVariance_PORT;Portal_thrombosis;0.05739319764726233;0.5779048405974165;0.5467372134038802;0.5467372134038802
original_shape_Flatness_TARD;Necrosis;0.057353148200709476;0.578170246903664;0.5398970398970399;0.5398970398970399
original_glcm_JointEnergy_TARD;Necrosis;-0.057353148200709476;0.578170246903664;0.4601029601029601;0.53989703989704
original_firstorder_RootMeanSquared_delta_ART_PORT;Size_mm;-0.05722068566385468;0.6988503859781672;;
original_firstorder_Variance_delta_TARD_ART;Shape;-0.057093479006666066;0.7029247412341597;;
original_ngtdm_Coarseness_PORT;nonrim_APHE;-0.05667989351846709;0.5826404403374128;0.46447230929989547;0.5355276907001045
original_glcm_Correlation_PORT;nonrim_APHE;-0.05667989351846709;0.5826404403374128;0.4644723092998955;0.5355276907001045
original_glrlm_RunLengthNonUniformity_TARD;nonrim_APHE;-0.05667989351846709;0.5826404403374128;0.46447230929989547;0.5355276907001045
original_glszm_ZoneEntropy_PORT;Nonperiph_washout;0.056489708870773404;0.5839061204594371;0.5347782258064516;0.5347782258064516
original_glcm_ClusterShade_PORT;Portal_thrombosis;0.05631030712561586;0.5851012124788053;0.5458553791887125;0.5458553791887125
original_gldm_SmallDependenceEmphasis_TARD;Portal_thrombosis;0.05631030712561586;0.5851012124788053;0.5458553791887126;0.5458553791887126
original_firstorder_Variance_delta_TARD_ART;nonrim_APHE;-0.05584636567260728;0.5881970357769579;0.46499477533960293;0.5350052246603971
original_glcm_Idmn_PORT;Late_enhancement;0.05578944350035254;0.5885773911306631;0.5365714285714286;0.5365714285714286
original_firstorder_MeanAbsoluteDeviation_delta_ART_PORT;Late_enhancement;-0.05578944350035254;0.5885773911306631;0.4634285714285714;0.5365714285714286
original_glszm_SmallAreaEmphasis_TARD;Size_mm;0.05572925075851926;0.7165480135368802;;
original_firstorder_Mean_TARD;Size_mm;-0.055603214005955706;0.4999216270084183;;
original_glcm_JointEnergy_ART;Portal_thrombosis;-0.05522741660396941;0.5923389514686258;0.45502645502645506;0.5449735449735449
original_glszm_ZoneVariance_TARD;Portal_thrombosis;0.05522741660396941;0.5923389514686258;0.544973544973545;0.544973544973545
original_glcm_JointEnergy_ART;Satellite_nodule;-0.05473987486932374;0.5956108994757484;0.45666666666666667;0.5433333333333333
original_gldm_LargeDependenceLowGrayLevelEmphasis_ART;Size_mm;-0.0546719424453472;0.8530349933612322;;
original_shape_Maximum2DDiameterColumn_ART;Nonperiph_washout;0.05444621941666072;0.5975856238461374;0.5335181451612904;0.5335181451612904
original_glrlm_LongRunLowGrayLevelEmphasis_TARD;APHE_heterogeneous;-0.05431569133242434;0.5984643311445137;0.4678471575023299;0.53215284249767
original_glrlm_RunLengthNonUniformity_ART;nonrim_APHE;-0.05417930998088766;0.5993830680616234;0.4660397074190178;0.5339602925809822
original_glcm_MaximumProbability_ART;Portal_thrombosis;-0.054144526082322945;0.5996174930134145;0.4559082892416226;0.5440917107583774
original_glrlm_RunEntropy_TARD;Nonperiph_washout;-0.05403363457204413;0.6003651197195026;0.4667338709677419;0.5332661290322581
original_gldm_DependenceNonUniformity_TARD;Nonperiph_washout;0.05403363457204413;0.6003651197195026;0.533266129032258;0.533266129032258
original_glrlm_RunVariance_PORT;Satellite_nodule;0.05368718496799059;0.6027035816696076;0.5425;0.5425
original_glcm_DifferenceAverage_ART;APHE_heterogeneous;-0.05352850740007037;0.6037759893626571;0.4683131407269338;0.5316868592730661
original_firstorder_90Percentile_delta_ART_PORT;Necrosis;0.053191536557568864;0.6060562143532815;0.537001287001287;0.537001287001287
original_gldm_GrayLevelNonUniformity_ART;Late_enhancement;-0.05317431333627351;0.60617286443296;0.4651428571428572;0.5348571428571428
original_firstorder_90Percentile_delta_TARD_ART;APHE_heterogeneous;-0.05313640303598876;0.6064296601146967;0.46854613233923575;0.5314538676607643
original_glcm_InverseVariance_ART;Necrosis;-0.05272789431355549;0.6091998846133793;0.46332046332046334;0.5366795366795367
original_gldm_SmallDependenceHighGrayLevelEmphasis_TARD;Necrosis;0.05272789431355549;0.6091998846133793;0.5366795366795367;0.5366795366795367
original_glcm_DifferenceEntropy_ART;Shape;0.052617077641249226;0.821860589719632;;
original_glcm_DifferenceAverage_PORT;Size_mm;0.052438291108248616;0.9228954462846164;;
original_gldm_DependenceNonUniformity_PORT;Nonperiph_washout;0.05239625170622461;0.6114529869535092;0.532258064516129;0.532258064516129
original_glcm_DifferenceVariance_ART;Necrosis;-0.051802843536124694;0.6154936433523308;0.46396396396396394;0.5360360360360361
original_glcm_Contrast_ART;Shape;0.051641253122144515;0.7937714128485922;;
original_shape_MajorAxisLength_ART;Nonperiph_washout;0.051577560273314844;0.6170307178749634;0.5317540322580646;0.5317540322580646
original_firstorder_Variance_delta_ART_PORT;Nonperiph_washout;0.051577560273314844;0.6170307178749634;0.5317540322580645;0.5317540322580645
original_shape_Maximum2DDiameterRow_PORT;nonrim_APHE;0.051265191812501686;0.6191647399676519;0.5321316614420062;0.5321316614420062
original_shape_Maximum2DDiameterSlice_PORT;Nonperiph_washout;0.0511692889513061;0.6198205696728447;0.5315020161290323;0.5315020161290323
original_glrlm_LongRunEmphasis_TARD;Portal_thrombosis;-0.05089585451738357;0.6216921051468329;0.45855379188712525;0.5414462081128748
original_gldm_LowGrayLevelEmphasis_ART;Necrosis;-0.0508777927586939;0.6218158161129504;0.4646074646074646;0.5353925353925354
original_gldm_LargeDependenceHighGrayLevelEmphasis_ART;nonrim_APHE;-0.05084519859744842;0.6220390913579326;0.4681295715778474;0.5318704284221526
original_shape_Maximum3DDiameter_ART;Nonperiph_washout;0.05075940173165837;0.622626979931522;0.53125;0.53125
original_glszm_ZonePercentage_ART;Shape;-0.05016977170444694;0.4401865334652928;;
original_glrlm_RunLengthNonUniformityNormalized_TARD;Shape;0.05013879314828488;0.7466706686984632;;
original_glszm_ZoneEntropy_TARD;nonrim_APHE;-0.050011670751588605;0.6277606629910765;0.46865203761755486;0.5313479623824451
original_gldm_DependenceNonUniformity_TARD;nonrim_APHE;-0.050011670751588605;0.6277606629910765;0.4686520376175548;0.5313479623824452
original_gldm_SmallDependenceHighGrayLevelEmphasis_PORT;Necrosis;0.0499527419812631;0.6281660203619008;0.5347490347490348;0.5347490347490348
original_gldm_HighGrayLevelEmphasis_ART;Necrosis;0.0499527419812631;0.6281660203619008;0.5347490347490347;0.5347490347490347
original_firstorder_Variance_delta_ART_PORT;Necrosis;-0.0499527419812631;0.6281660203619008;0.46525096525096526;0.5347490347490347
original_glcm_MCC_TARD;Nonperiph_washout;0.049940177407495324;0.6282524636690994;0.5307459677419355;0.5307459677419355
original_glcm_Id_ART;Portal_thrombosis;0.04981296399573711;0.6291279692054146;0.5405643738977073;0.5405643738977073
original_ngtdm_Strength_TARD;Shape;-0.04931786140999044;0.10927016465412524;;
original_gldm_DependenceNonUniformity_ART;nonrim_APHE;-0.0491781429057288;0.6335046984368544;0.46917450365726227;0.5308254963427377
original_shape_Maximum2DDiameterSlice_ART;Nonperiph_washout;0.04912286121391488;0.6338864448451744;0.530241935483871;0.530241935483871
original_gldm_GrayLevelNonUniformity_TARD;Late_enhancement;-0.048815763062808465;0.6360088759608811;0.468;0.532
original_glcm_Idm_ART;Portal_thrombosis;0.04873007347409065;0.6366016325636069;0.5396825396825398;0.5396825396825398
original_shape_SurfaceVolumeRatio_ART;nonrim_APHE;-0.048344615059868985;0.6392709093005255;0.4696969696969697;0.5303030303030303
original_firstorder_90Percentile_delta_TARD_ART;Necrosis;0.04810398714142133;0.6409396178518596;0.5334620334620335;0.5334620334620335
original_glrlm_ShortRunHighGrayLevelEmphasis_ART;Necrosis;0.0481026404264015;0.6409489621814042;0.5334620334620335;0.5334620334620335
original_glcm_Contrast_TARD;Necrosis;-0.0481026404264015;0.6409489621814042;0.4665379665379666;0.5334620334620335
original_glrlm_LongRunLowGrayLevelEmphasis_ART;APHE_heterogeneous;0.048018219873592526;0.6415348369567241;0.5284249767008388;0.5284249767008388
original_gldm_DependenceVariance_ART;Shape;0.048001272773103135;0.1304732604512847;;
original_shape_LeastAxisLength_PORT;Late_enhancement;0.04794405300811546;0.6420497358773825;0.5314285714285714;0.5314285714285714
Age_at_disease;APHE_heterogeneous;-0.047646141555947166;0.6441197001267123;0.4718080149114631;0.5281919850885368
original_glcm_Id_ART;Satellite_nodule;0.04737104555999169;0.6460335914571025;0.5375;0.5375
original_glszm_LargeAreaLowGrayLevelEmphasis_TARD;Satellite_nodule;0.04737104555999169;0.6460335914571025;0.5375;0.5375
original_glszm_SizeZoneNonUniformityNormalized_ART;APHE_heterogeneous;-0.04723103594123855;0.6470085645231543;0.4720410065237651;0.5279589934762349
original_glcm_MaximumProbability_PORT;Necrosis;-0.04717758964897071;0.6473809038772167;0.4671814671814672;0.5328185328185329
original_glcm_Idmn_TARD;Nonperiph_washout;0.046665411675856285;0.6509535110635012;0.5287298387096775;0.5287298387096775
original_glcm_DifferenceVariance_ART;Portal_thrombosis;0.04656429243079773;0.651659802592575;0.5379188712522045;0.5379188712522045
original_gldm_SmallDependenceEmphasis_TARD;Satellite_nodule;-0.04631835565865855;0.653378910693704;0.4633333333333334;0.5366666666666666
original_firstorder_Variance_delta_ART_PORT;Late_enhancement;-0.04620063289872944;0.6542024498894121;0.4697142857142857;0.5302857142857142
original_shape_LeastAxisLength_PORT;nonrim_APHE;0.04584403152228956;0.6566996504732637;0.5287356321839081;0.5287356321839081
original_glcm_Idmn_TARD;nonrim_APHE;0.04584403152228956;0.6566996504732637;0.5287356321839081;0.5287356321839081
original_ngtdm_Contrast_PORT;Shape;-0.04564690250478701;0.25971035682254023;;
original_glcm_Idmn_ART;Late_enhancement;0.04532892284403643;0.6603136167578875;0.5297142857142857;0.5297142857142857
original_glcm_Contrast_TARD;Size_mm;0.04529620846298041;0.8208138458646167;;
original_glcm_InverseVariance_TARD;Nonperiph_washout;0.04502802881003677;0.6624283468309681;0.5277217741935484;0.5277217741935484
original_ngtdm_Strength_PORT;Shape;-0.044593631595277156;0.1066382841349605;;
original_firstorder_InterquartileRange_delta_ART_PORT;Late_enhancement;-0.04446265892727633;0.6664091319557839;0.47085714285714286;0.5291428571428571
original_firstorder_Median_delta_TARD_ART;Necrosis;0.04440414663573776;0.6668216580610036;0.5308880308880308;0.5308880308880308
original_glcm_DifferenceEntropy_PORT;Necrosis;-0.04440243731667831;0.6668337106978199;0.46911196911196906;0.5308880308880309
original_shape_Maximum2DDiameterSlice_TARD;Nonperiph_washout;0.044212741344633544;0.6681718159893439;0.527217741935484;0.527217741935484
original_shape_Elongation_TARD;nonrim_APHE;0.04417697583056994;0.6684242223799369;0.5276907001044933;0.5276907001044933
original_glcm_Correlation_TARD;nonrim_APHE;-0.04417697583056994;0.6684242223799369;0.4723092998955068;0.5276907001044933
original_glrlm_LongRunEmphasis_TARD;Shape;-0.043385467904957044;0.7000290718412422;;
Age_at_disease;Portal_thrombosis;0.04333518799077215;0.6743757060410551;0.5352733686067019;0.5352733686067019
original_glcm_Idm_ART;Satellite_nodule;0.0431602859546591;0.6756148483412328;0.5341666666666667;0.5341666666666667
original_gldm_SmallDependenceLowGrayLevelEmphasis_ART;Nonperiph_washout;0.0425719545113075;0.6797894853304753;0.5262096774193549;0.5262096774193549
original_glcm_JointEntropy_ART;Necrosis;0.04255233576181672;0.6799288647081883;0.5296010296010296;0.5296010296010296
Age_at_disease;Shape;0.042180860848468615;0.9189673483832937;;
original_firstorder_10Percentile_delta_ART_PORT;Shape;-0.04216491367579565;0.6704228566035677;;
original_glszm_SizeZoneNonUniformityNormalized_ART;Satellite_nodule;-0.04210759605332595;0.6830913983096427;0.4666666666666667;0.5333333333333333
original_gldm_LargeDependenceEmphasis_ART;Shape;0.04208436854615076;0.4553650958075285;;
original_glszm_SmallAreaEmphasis_PORT;Shape;0.04186751865301638;0.918286923188053;;
original_glcm_Correlation_PORT;Nonperiph_washout;0.04175326307839774;0.6856150422465987;0.5257056451612904;0.5257056451612904
original_shape_Elongation_ART;Size_mm;0.04155011609511915;0.6888177114115118;;
original_glszm_SizeZoneNonUniformityNormalized_PORT;Satellite_nodule;-0.0410549061519928;0.6905991652888429;0.4675;0.5325
original_firstorder_InterquartileRange_delta_TARD_ART;Late_enhancement;0.04097266673708049;0.6911869910394731;0.5268571428571429;0.5268571428571429
original_glszm_SizeZoneNonUniformityNormalized_TARD;Necrosis;-0.04070223420695512;0.6931212830677373;0.47168597168597165;0.5283140283140284
original_glszm_LargeAreaEmphasis_TARD;Shape;0.04050446218188599;0.24054086963910182;;
original_gldm_LargeDependenceLowGrayLevelEmphasis_ART;APHE_heterogeneous;0.04014638055005277;0.6971033496662185;0.5237651444547997;0.5237651444547997
original_firstorder_MeanAbsoluteDeviation_delta_ART_PORT;Nonperiph_washout;0.04011588021257822;0.6973220931913211;0.5246975806451613;0.5246975806451613
original_glszm_ZonePercentage_PORT;Portal_thrombosis;0.04006694930091898;0.6976730703882331;0.5326278659611993;0.5326278659611993
original_glszm_SizeZoneNonUniformityNormalized_TARD;Portal_thrombosis;0.04006694930091898;0.6976730703882331;0.5326278659611994;0.5326278659611994
original_glcm_Autocorrelation_ART;Necrosis;0.03977718342952432;0.6997528594622102;0.5276705276705277;0.5276705276705277
original_glcm_InverseVariance_PORT;Late_enhancement;-0.03922695246118538;0.7037083255881866;0.4742857142857143;0.5257142857142857
original_glcm_DifferenceVariance_ART;Size_mm;0.039169421880029746;0.8141023803517603;;
original_shape_Elongation_TARD;Size_mm;-0.039155417796411573;0.56568997688644;;
original_gldm_DependenceVariance_TARD;Portal_thrombosis;-0.038984058779272523;0.7054569861113053;0.4682539682539683;0.5317460317460316
original_shape_Elongation_TARD;APHE_heterogeneous;0.03857201268534481;0.7084269797634253;0.5228331780055917;0.5228331780055917
original_shape_Flatness_TARD;APHE_heterogeneous;0.03857201268534481;0.7084269797634253;0.5228331780055918;0.5228331780055918
original_firstorder_Minimum_PORT;Late_enhancement;0.03792204159028405;0.7131209275605033;0.5248571428571428;0.5248571428571428
original_gldm_LargeDependenceLowGrayLevelEmphasis_ART;Portal_thrombosis;-0.037901168257626065;0.7132718514718998;0.4691358024691358;0.5308641975308642
original_ngtdm_Contrast_TARD;Portal_thrombosis;-0.037901168257626065;0.7132718514718998;0.4691358024691358;0.5308641975308642
original_glcm_ClusterShade_TARD;Satellite_nodule;0.037896836447993354;0.7133031738784668;0.53;0.53
original_glrlm_RunPercentage_ART;Shape;-0.037855795630030345;0.48719450213552473;;
original_glszm_SmallAreaEmphasis_TARD;Shape;0.03763894573689597;0.9288691414215962;;
original_glcm_Idn_PORT;Late_enhancement;-0.03748353235179936;0.71629390524659;0.47542857142857137;0.5245714285714287
original_glcm_InverseVariance_ART;Shape;-0.03746856367800467;0.8663221412421559;;
original_glcm_DifferenceVariance_PORT;Necrosis;-0.03700203109723193;0.7197836152579367;0.47425997425997424;0.5257400257400258
original_glszm_SmallAreaEmphasis_TARD;Necrosis;0.03700203109723193;0.7197836152579367;0.5257400257400258;0.5257400257400258
original_glcm_DifferenceEntropy_TARD;Necrosis;-0.03700203109723193;0.7197836152579367;0.47425997425997424;0.5257400257400258
original_glcm_Contrast_ART;APHE_heterogeneous;-0.036997644820636874;0.7198154320535692;0.47809878844361603;0.5219012115563839
original_gldm_DependenceVariance_PORT;Satellite_nodule;0.036844146546660204;0.7209291699499105;0.5291666666666667;0.5291666666666667
original_glrlm_LongRunEmphasis_TARD;Satellite_nodule;0.036844146546660204;0.7209291699499105;0.5291666666666667;0.5291666666666667
original_shape_MeshVolume_PORT;nonrim_APHE;0.03667522521783165;0.7221554973592401;0.5229885057471265;0.5229885057471265
original_shape_VoxelVolume_PORT;nonrim_APHE;0.03667522521783165;0.7221554973592401;0.5229885057471265;0.5229885057471265
original_glszm_SmallAreaEmphasis_ART;APHE_heterogeneous;-0.03621046088828289;0.7255332503067267;0.4785647716682199;0.52143522833178
original_glcm_Correlation_ART;Nonperiph_washout;0.03602242304802942;0.7269013698237965;0.5221774193548387;0.5221774193548387
original_glszm_ZoneEntropy_ART;nonrim_APHE;-0.03584169737197184;0.7282171089989458;0.477533960292581;0.522466039707419
original_firstorder_Median_TARD;Satellite_nodule;-0.0357938366338023;0.7285656844301707;0.4716666666666667;0.5283333333333333
original_glszm_SmallAreaEmphasis_PORT;Satellite_nodule;-0.03579145664532706;0.728583019634164;0.4716666666666666;0.5283333333333333
original_glcm_MaximumProbability_ART;Satellite_nodule;-0.03579145664532706;0.728583019634164;0.4716666666666667;0.5283333333333333
original_glrlm_LongRunEmphasis_PORT;Portal_thrombosis;-0.03573538721433315;0.728991454616346;0.47089947089947093;0.5291005291005291
original_glcm_DifferenceEntropy_ART;APHE_heterogeneous;-0.035423276955928916;0.7312664093709028;0.4790307548928238;0.5209692451071761
original_glcm_InverseVariance_TARD;Necrosis;-0.035151929542370335;0.7332461688680678;0.47554697554697556;0.5244530244530244
original_glrlm_GrayLevelNonUniformity_PORT;Late_enhancement;-0.03486840218772034;0.7353166906373568;0.4771428571428571;0.5228571428571429
original_glcm_Idn_ART;Late_enhancement;-0.03486840218772034;0.7353166906373568;0.4771428571428572;0.5228571428571428
original_gldm_SmallDependenceHighGrayLevelEmphasis_ART;APHE_heterogeneous;0.03463609302357494;0.7370146155760311;0.5205032618825722;0.5205032618825722
original_firstorder_90Percentile_TARD;Satellite_nodule;0.033686902049836744;0.7439654260036836;0.5266666666666666;0.5266666666666666
original_glszm_LargeAreaEmphasis_PORT;Portal_thrombosis;0.033569606171040225;0.7448258327309478;0.527336860670194;0.527336860670194
original_glszm_SizeZoneNonUniformityNormalized_ART;Portal_thrombosis;0.033569606171040225;0.7448258327309478;0.527336860670194;0.527336860670194
original_glszm_SmallAreaEmphasis_ART;Portal_thrombosis;0.033569606171040225;0.7448258327309478;0.527336860670194;0.527336860670194
original_glcm_Imc1_ART;nonrim_APHE;0.03334111383439241;0.7465028184656768;0.5208986415882968;0.5208986415882968
original_glszm_LargeAreaHighGrayLevelEmphasis_TARD;nonrim_APHE;0.03334111383439241;0.7465028184656768;0.5208986415882968;0.5208986415882968
original_glcm_Contrast_ART;Size_mm;-0.03290959650270644;0.8359439058718432;;
original_glcm_Correlation_ART;nonrim_APHE;-0.032507585988532595;0.7526305022124067;0.47962382445141066;0.5203761755485894
original_glszm_ZonePercentage_TARD;Portal_thrombosis;0.03248671564939377;0.7527841326498742;0.5264550264550264;0.5264550264550264
original_gldm_SmallDependenceEmphasis_ART;Shape;-0.03238808046742777;0.5865285119206953;;
original_glcm_DifferenceAverage_ART;Shape;0.03226416624277954;0.8256033167570369;;
original_shape_Maximum2DDiameterSlice_ART;nonrim_APHE;-0.032091720502605135;0.7556936051319437;0.47988505747126436;0.5201149425287357
original_glszm_SmallAreaEmphasis_PORT;Size_mm;-0.032062349443806974;0.8352360485675074;;
original_firstorder_Median_delta_ART_PORT;APHE_heterogeneous;0.03188373876320343;0.7572269626589032;0.5188723205964585;0.5188723205964585
original_glszm_SmallAreaEmphasis_ART;Satellite_nodule;-0.03158069703999446;0.7594628653799336;0.475;0.525
original_firstorder_Variance_delta_TARD_ART;APHE_heterogeneous;-0.03148735729415904;0.7601519509557984;0.4813606710158434;0.5186393289841567
original_gldm_LargeDependenceLowGrayLevelEmphasis_TARD;Necrosis;-0.03145172643264714;0.760415047903225;0.4781209781209781;0.5218790218790219
original_glcm_ClusterShade_TARD;Portal_thrombosis;0.03140382512774731;0.7607687930173554;0.525573192239859;0.525573192239859
original_firstorder_MeanAbsoluteDeviation_delta_TARD_ART;Late_enhancement;0.031381561968948306;0.7609332206779467;0.5205714285714286;0.5205714285714286
original_glszm_SizeZoneNonUniformityNormalized_PORT;Shape;0.03091659904973019;0.9436086142886367;;
original_glcm_MaximumProbability_TARD;Necrosis;-0.030526675655216343;0.7672552057178603;0.4787644787644787;0.5212355212355213
original_firstorder_Skewness_TARD;Portal_thrombosis;-0.03032093460610085;0.7687790181457916;0.47530864197530864;0.5246913580246914
original_gldm_DependenceNonUniformityNormalized_TARD;Portal_thrombosis;-0.03032093460610085;0.7687790181457916;0.4753086419753087;0.5246913580246912
original_firstorder_Skewness_delta_TARD_ART;APHE_heterogeneous;-0.029912989429451087;0.7718030847456653;0.4822926374650513;0.5177073625349486
original_firstorder_RootMeanSquared_delta_TARD_ART;Necrosis;0.029601624877785542;0.7741135443195716;0.5205920205920205;0.5205920205920205
original_glcm_InverseVariance_PORT;Nonperiph_washout;0.029472891584751342;0.7750693872633897;0.5181451612903225;0.5181451612903225
original_glcm_Idm_PORT;Size_mm;-0.029415577639972285;0.9248904158123108;;
original_shape_Maximum2DDiameterRow_ART;nonrim_APHE;0.02917439346594208;0.7772870413000538;0.5182863113897597;0.5182863113897597
original_gldm_DependenceNonUniformity_PORT;nonrim_APHE;-0.029173474605093355;0.7772938706731893;0.4817136886102404;0.5182863113897596
original_glcm_Id_PORT;APHE_heterogeneous;0.02912580549709711;0.7776481917915722;0.5172413793103449;0.5172413793103449
original_glcm_Idm_PORT;APHE_heterogeneous;0.02912580549709711;0.7776481917915722;0.5172413793103448;0.5172413793103448
original_gldm_DependenceVariance_TARD;Shape;-0.02879456795262947;0.7896861341239753;;
original_shape_Flatness_ART;Necrosis;0.028676574100354738;0.7809895589232178;0.5199485199485199;0.5199485199485199
original_glcm_Id_PORT;Size_mm;-0.02855432649745465;0.9238647723018032;;
original_glszm_SizeZoneNonUniformityNormalized_TARD;Shape;-0.02831440033211763;0.9132073275448828;;
original_firstorder_RootMeanSquared_TARD;Size_mm;-0.02829525095051845;0.5185796048883982;;
original_glcm_InverseVariance_TARD;Late_enhancement;-0.02789472175017627;0.7868145693954732;0.4817142857142857;0.5182857142857142
original_gldm_LargeDependenceLowGrayLevelEmphasis_PORT;Necrosis;-0.027751523322923945;0.7878827405958905;0.4806949806949807;0.5193050193050193
original_glszm_GrayLevelNonUniformity_PORT;nonrim_APHE;0.02750641891337374;0.7897119921569865;0.5172413793103449;0.5172413793103449
original_firstorder_10Percentile_delta_ART_PORT;Satellite_nodule;-0.027371949024989413;0.790716054661749;0.4783333333333333;0.5216666666666667
original_glrlm_LongRunEmphasis_PORT;Satellite_nodule;0.02736993743466187;0.790731077487097;0.5216666666666667;0.5216666666666667
original_glrlm_RunLengthNonUniformityNormalized_ART;Shape;-0.027214661588364702;0.6184929064060682;;
original_firstorder_Kurtosis_TARD;Nonperiph_washout;0.027016817286022066;0.7933694258973258;0.516633064516129;0.516633064516129
original_glrlm_RunLengthNonUniformity_TARD;Nonperiph_washout;0.027016817286022066;0.7933694258973258;0.516633064516129;0.516633064516129
original_glcm_DifferenceVariance_TARD;Necrosis;-0.026826472545493144;0.7947925763686607;0.48133848133848134;0.5186615186615187
original_firstorder_Mean_delta_TARD_ART;Necrosis;0.026826472545493144;0.7947925763686607;0.5186615186615187;0.5186615186615187
original_glcm_DifferenceVariance_PORT;APHE_heterogeneous;0.026764253700035184;0.7952579163867913;0.5158434296365331;0.5158434296365331
original_shape_LeastAxisLength_TARD;nonrim_APHE;0.02667289106751393;0.795941357234371;0.5167189132706375;0.5167189132706375
original_glcm_DifferenceVariance_ART;Satellite_nodule;0.02631724753332872;0.798603245509448;0.5208333333333333;0.5208333333333333
original_gldm_DependenceNonUniformity_ART;Nonperiph_washout;0.026198125853112306;0.7994953618696947;0.5161290322580645;0.5161290322580645
original_glcm_Idn_TARD;Late_enhancement;0.026151301640790253;0.7998461056625128;0.5171428571428571;0.5171428571428571
original_glcm_DifferenceEntropy_ART;Size_mm;-0.026012585320756256;0.8650384167146613;;
original_glszm_ZonePercentage_TARD;Shape;0.025991008619963552;0.5450988021718379;;
Age_at_disease;Size_mm;-0.02562503940427738;0.7060775362614798;;
original_glrlm_ShortRunEmphasis_PORT;Satellite_nodule;0.02526455763199557;0.8064959405073364;0.52;0.52
original_glszm_LargeAreaEmphasis_TARD;Portal_thrombosis;0.024906481997868556;0.8091852062664129;0.5202821869488536;0.5202821869488536
Gender;APHE_heterogeneous;-0.024685667940614664;0.8108447186697398;0.4885834109972041;0.511416589002796
original_glcm_Imc1_TARD;Late_enhancement;0.024407881531404232;0.8129336098837465;0.516;0.516
original_shape_Flatness_ART;APHE_heterogeneous;-0.02440270190297325;0.8129725722144798;0.48555452003727867;0.5144454799627214
original_glcm_DifferenceAverage_ART;Satellite_nodule;-0.02421186773066242;0.81440839175636;0.48083333333333333;0.5191666666666667
original_glcm_InverseVariance_ART;Satellite_nodule;0.02421186773066242;0.81440839175636;0.5191666666666667;0.5191666666666667
original_glcm_DifferenceAverage_ART;Portal_thrombosis;-0.023823591476222098;0.8173316688243382;0.48059964726631393;0.5194003527336861
original_glrlm_ShortRunEmphasis_ART;Shape;-0.023667616907809486;0.6623434146977953;;
original_glcm_DifferenceVariance_TARD;APHE_heterogeneous;0.023615517970619275;0.8188992738550132;0.5139794967381174;0.5139794967381174
original_firstorder_InterquartileRange_delta_TARD_ART;Shape;0.023568256248440198;0.8949359366444485;;
original_shape_SurfaceVolumeRatio_ART;Late_enhancement;-0.023536171476711228;0.8194972534998384;0.4845714285714286;0.5154285714285713
original_glrlm_RunLengthNonUniformityNormalized_PORT;Satellite_nodule;0.023159177829329275;0.822339822481765;0.5183333333333333;0.5183333333333333
original_glcm_InverseVariance_PORT;Necrosis;0.023126269435769953;0.8225880662641969;0.516087516087516;0.516087516087516
original_shape_SurfaceVolumeRatio_PORT;Late_enhancement;0.022664461422018216;0.8260735677101908;0.5148571428571428;0.5148571428571428
original_glcm_DifferenceEntropy_TARD;APHE_heterogeneous;0.022041150105911324;0.8307834454758416;0.5130475302889096;0.5130475302889096
original_shape_SurfaceArea_PORT;nonrim_APHE;0.021671723992355063;0.8335777938107314;0.5135841170323929;0.5135841170323929
original_glcm_SumAverage_ART;Necrosis;0.02127616788090836;0.8365721214097005;0.5148005148005148;0.5148005148005148
original_shape_MinorAxisLength_PORT;nonrim_APHE;0.020838196146495253;0.8398902945863851;0.5130616509926855;0.5130616509926855
original_glszm_LargeAreaLowGrayLevelEmphasis_ART;Shape;0.020693675516252272;0.43401554714847157;;
original_glcm_MCC_ART;Nonperiph_washout;-0.02046728582274399;0.8427026247582234;0.48739919354838707;0.512600806451613
original_glszm_LargeAreaHighGrayLevelEmphasis_PORT;Late_enhancement;-0.02004933125793919;0.845874059469002;0.4868571428571428;0.5131428571428571
original_ngtdm_Coarseness_TARD;nonrim_APHE;-0.020004668300635447;0.8462131101844117;0.48746081504702193;0.5125391849529781
original_firstorder_10Percentile_delta_ART_PORT;Portal_thrombosis;-0.01949346198252684;0.8500958530728374;0.4841269841269842;0.5158730158730158
original_firstorder_Kurtosis_delta_TARD_ART;Necrosis;-0.01942606632604676;0.8506080138120073;0.4864864864864865;0.5135135135135135
original_glcm_Imc1_PORT;Late_enhancement;0.019177621203246183;0.8524965690992692;0.5125714285714287;0.5125714285714287
original_glcm_ClusterShade_ART;Late_enhancement;-0.019177621203246183;0.8524965690992692;0.48742857142857143;0.5125714285714286
original_shape_Maximum3DDiameter_TARD;nonrim_APHE;-0.019171475904867168;0.8525432933426361;0.4879832810867294;0.5120167189132706
original_shape_MajorAxisLength_PORT;nonrim_APHE;0.019171140454775634;0.8525458438686317;0.5120167189132706;0.5120167189132706
original_glszm_LargeAreaEmphasis_PORT;Shape;-0.01895887637117723;0.29062590725155935;;
original_shape_Elongation_PORT;Necrosis;0.018501015548615964;0.8576440446178363;0.5128700128700128;0.5128700128700128
original_glcm_JointEnergy_ART;Necrosis;-0.018501015548615964;0.8576440446178363;0.4871299871299871;0.5128700128700129
original_shape_Maximum2DDiameterRow_TARD;nonrim_APHE;0.018339217103892944;0.8588758796088737;0.5114942528735632;0.5114942528735632
original_glszm_GrayLevelNonUniformity_TARD;nonrim_APHE;0.018337612608915824;0.8588880969837525;0.5114942528735632;0.5114942528735632
original_firstorder_Kurtosis_delta_TARD_ART;APHE_heterogeneous;0.018105230444141446;0.8606579188189278;0.51071761416589;0.51071761416589
original_firstorder_Mean_TARD;Satellite_nodule;-0.01789572832266353;0.8622540866445789;0.48583333333333334;0.5141666666666667
original_firstorder_Kurtosis_delta_ART_PORT;Shape;0.017750712680857112;0.46993813272945284;;
original_glrlm_LongRunLowGrayLevelEmphasis_TARD;Necrosis;0.017575964771185167;0.8646914036833506;0.5122265122265122;0.5122265122265122
original_firstorder_Kurtosis_TARD;nonrim_APHE;0.017504084763056014;0.8652394690312851;0.5109717868338557;0.5109717868338557
original_glcm_DifferenceEntropy_PORT;APHE_heterogeneous;0.01731804651178747;0.8666582600414465;0.5102516309412861;0.5102516309412861
original_gldm_SmallDependenceEmphasis_PORT;Satellite_nodule;-0.01684303842133038;0.8702827722810944;0.48666666666666664;0.5133333333333334
Gender;Satellite_nodule;0.016842751738634233;0.8702849606220682;0.5104166666666666;0.5104166666666666
original_glcm_MCC_PORT;Nonperiph_washout;-0.01637382865819519;0.8738657182599279;0.48991935483870963;0.5100806451612904
original_shape_Maximum2DDiameterColumn_PORT;nonrim_APHE;0.016255442741473922;0.8747701401001919;0.5101880877742946;0.5101880877742946
original_ngtdm_Contrast_PORT;Portal_thrombosis;-0.016243357824696884;0.8748624733343332;0.4867724867724868;0.5132275132275133
original_glrlm_RunVariance_TARD;Portal_thrombosis;-0.016243357824696884;0.8748624733343332;0.48677248677248686;0.5132275132275131
original_glrlm_RunLengthNonUniformityNormalized_TARD;Satellite_nodule;-0.01579034851999723;0.8783248501010348;0.4875;0.5125
original_glcm_DifferenceAverage_PORT;APHE_heterogeneous;-0.01574367864707952;0.8786816841152876;0.49068033550792167;0.5093196644920783
original_shape_Maximum3DDiameter_PORT;nonrim_APHE;0.015420534966958376;0.881153086404154;0.5096656217345873;0.5096656217345873
original_gldm_DependenceVariance_PORT;Portal_thrombosis;-0.015160467303050425;0.8831429254825807;0.4876543209876543;0.5123456790123457
Gender;Shape;0.015067713247691057;0.9444901334657596;;
original_shape_Maximum2DDiameterSlice_PORT;nonrim_APHE;-0.015003816258520607;0.8843418563474237;0.49059561128526646;0.5094043887147335
original_firstorder_Kurtosis_TARD;Satellite_nodule;0.014737658618664082;0.8863795033804569;0.5116666666666667;0.5116666666666667
original_gldm_LargeDependenceEmphasis_TARD;Satellite_nodule;0.014737658618664082;0.8863795033804569;0.5116666666666667;0.5116666666666667
original_glcm_Correlation_TARD;Nonperiph_washout;0.014736445792375671;0.8863887902541031;0.5090725806451613;0.5090725806451613
original_glszm_LargeAreaLowGrayLevelEmphasis_PORT;Satellite_nodule;0.013684968717330935;0.8944459114965655;0.5108333333333334;0.5108333333333334
original_shape_MeshVolume_TARD;nonrim_APHE;0.013336445533756965;0.897118976354708;0.5083594566353187;0.5083594566353187
original_glcm_DifferenceAverage_TARD;Size_mm;0.013324885562691563;0.836015977752443;;
original_firstorder_90Percentile_TARD;APHE_heterogeneous;0.012988853063729634;0.8997860664431724;0.5076887232059646;0.5076887232059646
original_gldm_LargeDependenceLowGrayLevelEmphasis_ART;Satellite_nodule;-0.012632278815997785;0.9025232501777236;0.49000000000000005;0.51
original_glcm_Imc1_PORT;nonrim_APHE;0.012502917687897151;0.903516557909473;0.5078369905956113;0.5078369905956113
original_shape_VoxelVolume_TARD;nonrim_APHE;0.012502917687897151;0.903516557909473;0.5078369905956113;0.5078369905956113
original_glcm_Imc1_ART;Late_enhancement;0.012203940765702116;0.9058128467279007;0.508;0.508
original_glcm_Imc1_TARD;nonrim_APHE;0.011669389842037343;0.9099204097241878;0.5073145245559039;0.5073145245559039
original_glrlm_LongRunLowGrayLevelEmphasis_ART;Satellite_nodule;-0.011579588914664637;0.9106106917575607;0.4908333333333333;0.5091666666666668
original_glrlm_RunPercentage_TARD;Satellite_nodule;-0.011579588914664637;0.9106106917575607;0.49083333333333334;0.5091666666666667
original_firstorder_InterquartileRange_delta_TARD_ART;APHE_heterogeneous;0.011021192158259108;0.9149044717014272;0.5065237651444547;0.5065237651444547
original_firstorder_MeanAbsoluteDeviation_delta_TARD_ART;Shape;-0.010734069710151813;0.8221080050119618;;
original_glrlm_LongRunLowGrayLevelEmphasis_ART;Size_mm;-0.010664109675238705;0.8567809622282456;;
original_firstorder_RootMeanSquared_TARD;Satellite_nodule;-0.010526899013331488;0.9187074054284362;0.4916666666666667;0.5083333333333333
original_glcm_Idm_ART;Shape;-0.01031585920196408;0.8416231861596277;;
original_glrlm_RunVariance_TARD;Shape;0.01020743425539689;0.5896050496661602;;
original_gldm_SmallDependenceHighGrayLevelEmphasis_ART;Necrosis;-0.01017555855173878;0.9214116431179068;0.4929214929214929;0.5070785070785071
original_glrlm_RunLengthNonUniformity_ART;Nonperiph_washout;-0.009824297194917115;0.924116180572767;0.4939516129032258;0.5060483870967742
original_gldm_DependenceNonUniformityNormalized_PORT;Portal_thrombosis;0.009746014694818131;0.9247190374868378;0.5079365079365079;0.5079365079365079
original_glrlm_LongRunLowGrayLevelEmphasis_ART;Portal_thrombosis;-0.009746014694818131;0.9247190374868378;0.49206349206349215;0.5079365079365079
original_glcm_Id_TARD;APHE_heterogeneous;0.009446207188247712;0.9270282649178744;0.505591798695247;0.505591798695247
original_shape_Sphericity_TARD;Necrosis;-0.009250507774307982;0.9285359464723499;0.49356499356499356;0.5064350064350065
original_shape_LeastAxisLength_ART;nonrim_APHE;0.009168806304457912;0.9291654563654823;0.5057471264367817;0.5057471264367817
original_shape_Maximum2DDiameterColumn_TARD;nonrim_APHE;0.008752593724085652;0.9323730544653446;0.505485893416928;0.505485893416928
original_glrlm_GrayLevelNonUniformity_ART;Late_enhancement;-0.008717100546930085;0.9326466389658301;0.4942857142857143;0.5057142857142858
original_glrlm_GrayLevelNonUniformity_TARD;Late_enhancement;-0.008717100546930085;0.9326466389658301;0.49428571428571433;0.5057142857142857
original_firstorder_MeanAbsoluteDeviation_delta_TARD_ART;APHE_heterogeneous;0.008659023255893735;0.9330943209300799;0.5051258154706431;0.5051258154706431
original_shape_MinorAxisLength_TARD;nonrim_APHE;-0.008335278458598102;0.9355902534645535;0.4947753396029258;0.5052246603970743
original_shape_Flatness_PORT;Necrosis;0.008325456996877183;0.9356659827112632;0.5057915057915059;0.5057915057915059
original_glcm_Contrast_PORT;APHE_heterogeneous;0.00787183932353976;0.9391642648543621;0.5046598322460392;0.5046598322460392
original_glcm_Idm_TARD;APHE_heterogeneous;0.00787183932353976;0.9391642648543621;0.5046598322460392;0.5046598322460392
original_glcm_Id_ART;Shape;-0.007558767703541249;0.8363704540479198;;
original_shape_MeshVolume_ART;nonrim_APHE;0.007501750612738292;0.9420192478341414;0.5047021943573669;0.5047021943573669
original_glcm_DifferenceEntropy_ART;Satellite_nodule;-0.007368829309332041;0.9430448291751814;0.4941666666666667;0.5058333333333334
original_glcm_Contrast_TARD;APHE_heterogeneous;0.007084655391185784;0.9452377454061974;0.5041938490214353;0.5041938490214353
original_shape_SurfaceVolumeRatio_TARD;Late_enhancement;-0.006973680437544067;0.9460942316795868;0.49542857142857144;0.5045714285714286
original_firstorder_InterquartileRange_delta_ART_PORT;Nonperiph_washout;0.006550333799940834;0.9493621144861546;0.5040322580645162;0.5040322580645162
original_firstorder_Variance_delta_TARD_ART;Late_enhancement;-0.006101970382851058;0.9528240337235263;0.496;0.504
original_shape_VoxelVolume_ART;nonrim_APHE;0.0058346949210186716;0.9548881581143284;0.503657262277952;0.503657262277952
original_ngtdm_Coarseness_ART;nonrim_APHE;-0.0058346949210186716;0.9548881581143284;0.49634273772204807;0.5036572622779519
original_shape_SurfaceArea_TARD;nonrim_APHE;-0.0058346949210186716;0.9548881581143284;0.49634273772204807;0.5036572622779519
original_glrlm_RunVariance_PORT;Portal_thrombosis;-0.005414452608232295;0.9581342269202686;0.49559082892416223;0.5044091710758378
original_glcm_Contrast_ART;Satellite_nodule;-0.005263449506665744;0.9593007893625056;0.49583333333333335;0.5041666666666667
original_glcm_DifferenceVariance_ART;APHE_heterogeneous;-0.004723103594123856;0.9634758851020401;0.4972041006523765;0.5027958993476235
original_firstorder_Skewness_delta_ART_PORT;APHE_heterogeneous;0.004723103594123856;0.9634758851020401;0.5027958993476235;0.5027958993476235
original_glcm_MaximumProbability_ART;Necrosis;-0.004625253887153991;0.9642320517965763;0.49678249678249675;0.5032175032175032
original_gldm_DependenceVariance_TARD;Satellite_nodule;-0.004210759605332595;0.9674355451395518;0.4966666666666667;0.5033333333333333
original_shape_MinorAxisLength_ART;nonrim_APHE;-0.004167639229299051;0.9677688397644726;0.4973876698014629;0.5026123301985371
original_glrlm_RunLengthNonUniformity_PORT;Nonperiph_washout;0.004093457164548797;0.9683422357400171;0.5025201612903225;0.5025201612903225
original_glrlm_LongRunLowGrayLevelEmphasis_PORT;Necrosis;0.0037002031097231928;0.9713821894834247;0.5025740025740026;0.5025740025740026
original_glcm_DifferenceEntropy_ART;Portal_thrombosis;0.003248671564939377;0.9748731531772012;0.5026455026455027;0.5026455026455027
original_firstorder_Kurtosis_TARD;Portal_thrombosis;0.003248671564939377;0.9748731531772012;0.5026455026455027;0.5026455026455027
original_firstorder_Kurtosis_delta_TARD_ART;Shape;-0.003159812728529538;0.747053905559113;;
original_gldm_LargeDependenceEmphasis_PORT;Satellite_nodule;-0.0031580697039994463;0.9755736910757172;0.4975;0.5025
original_glszm_ZoneVariance_PORT;Shape;-0.0028035593326659137;0.20206790525257948;;
original_shape_Maximum2DDiameterColumn_ART;nonrim_APHE;0.002500732311774274;0.9806567855804703;0.5015673981191222;0.5015673981191222
original_shape_SurfaceArea_ART;nonrim_APHE;-0.002500583537579431;0.9806579361263876;0.4984326018808778;0.5015673981191222
original_shape_MajorAxisLength_TARD;nonrim_APHE;-0.002500583537579431;0.9806579361263876;0.4984326018808778;0.5015673981191222
original_glcm_DifferenceAverage_TARD;APHE_heterogeneous;-0.002361551797061928;0.9817331559902602;0.4986020503261882;0.5013979496738118
original_firstorder_10Percentile_TARD;Portal_thrombosis;0.0021659705436864324;0.9832457645224735;0.5017636684303352;0.5017636684303352
original_glcm_Contrast_ART;Portal_thrombosis;0.002165781043292918;0.9832472301322458;0.501763668430335;0.501763668430335
original_glrlm_ShortRunEmphasis_TARD;Satellite_nodule;0.0021053798026662977;0.9837143805574464;0.5016666666666667;0.5016666666666667
original_shape_Maximum3DDiameter_ART;nonrim_APHE;-0.0016670731932797841;0.9871044536255646;0.49895506792058514;0.5010449320794148
original_shape_MajorAxisLength_ART;nonrim_APHE;-0.0016670556917196206;0.9871045889960627;0.4989550679205852;0.5010449320794148
original_glszm_GrayLevelNonUniformity_ART;nonrim_APHE;0.0016670556917196206;0.9871045889960627;0.5010449320794149;0.5010449320794149
original_glcm_Id_TARD;Size_mm;0.001134330773072009;0.8288862895479963;;
original_glrlm_RunPercentage_PORT;Satellite_nodule;0.0010526899013331488;0.991856766178843;0.5008333333333334;0.5008333333333334
original_glcm_Idm_TARD;Size_mm;0.0007772266408085988;0.8302328902456493;;
